Query_Index,Query_Instance,Query_Category,Query_Distance,Query_Rotation,Query_Lighting,Matched_Category,Matched_Index,NN_Distance,Correct
1,Banded13,Banded,0,0,0,Banded,2,0.0017187953478446515,True
1,Banded13,Banded,0,0,0,Banded,6,0.024455060589572846,True
1,Banded13,Banded,0,0,0,Banded,9,0.02496168051347823,True
1,Banded13,Banded,0,0,0,Stratified,202,0.025292107679802507,False
1,Banded13,Banded,0,0,0,Waffled,247,0.028797023958230333,False
2,Banded13,Banded,0,22,0,Banded,7,0.006367058476458451,True
2,Banded13,Banded,0,22,0,Waffled,245,0.014423569210660325,False
2,Banded13,Banded,0,22,0,Woven,250,0.014891291309609827,False
2,Banded13,Banded,0,22,0,Stratified,199,0.017163337853842428,False
2,Banded13,Banded,0,22,0,Chequered,20,0.02087547940150282,False
3,Banded13,Banded,0,45,0,Banded,8,0.003655770361445117,True
3,Banded13,Banded,0,45,0,Chequered,21,0.00986381425432465,False
3,Banded13,Banded,0,45,0,Banded,10,0.012188353821243274,True
3,Banded13,Banded,0,45,0,Waffled,246,0.015531824820897612,False
3,Banded13,Banded,0,45,0,Woven,251,0.029796438589843176,False
4,Banded13,Banded,0,90,0,Banded,0,0.0017187953478446515,True
4,Banded13,Banded,0,90,0,Banded,9,0.01954178418251683,True
4,Banded13,Banded,0,90,0,Banded,6,0.019790588963427263,True
4,Banded13,Banded,0,90,0,Stratified,202,0.02510163852876,False
4,Banded13,Banded,0,90,0,Waffled,247,0.03232223605869197,False
5,Banded2,Banded,0,0,0,Banded,5,0.030832514528403427,True
5,Banded2,Banded,0,0,0,Grid,92,0.13841079570947773,False
5,Banded2,Banded,0,0,0,Waffled,243,0.17503873061747527,False
5,Banded2,Banded,0,0,0,Frilly,82,0.19644070553846957,False
5,Banded2,Banded,0,0,0,Grid,96,0.28130678971347584,False
6,Banded2,Banded,0,22,0,Waffled,245,0.01033456846600734,False
6,Banded2,Banded,0,22,0,Striped,213,0.018035009943610514,False
6,Banded2,Banded,0,22,0,Striped,217,0.02138555011248665,False
6,Banded2,Banded,0,22,0,Striped,214,0.023784800519690313,False
6,Banded2,Banded,0,22,0,Striped,215,0.02493001601433355,False
7,Banded2,Banded,0,90,0,Banded,4,0.030832514528403427,True
7,Banded2,Banded,0,90,0,Grid,92,0.10934971912502023,False
7,Banded2,Banded,0,90,0,Waffled,243,0.12405482963522904,False
7,Banded2,Banded,0,90,0,Frilly,82,0.14047816381206643,False
7,Banded2,Banded,0,90,0,Waffled,244,0.23366303933066007,False
8,Banded5,Banded,0,0,0,Banded,9,0.0004227792804712127,True
8,Banded5,Banded,0,0,0,Banded,3,0.019790588963427263,True
8,Banded5,Banded,0,0,0,Banded,0,0.024455060589572846,True
8,Banded5,Banded,0,0,0,Frilly,71,0.02527586774509179,False
8,Banded5,Banded,0,0,0,Frilly,76,0.028518275384483493,False
9,Banded5,Banded,0,22,0,Stratified,199,0.005988094953997645,False
9,Banded5,Banded,0,22,0,Banded,1,0.006367058476458451,True
9,Banded5,Banded,0,22,0,Woven,250,0.009251300339459905,False
9,Banded5,Banded,0,22,0,Waffled,245,0.010781764670259954,False
9,Banded5,Banded,0,22,0,Chequered,20,0.01221854172407386,False
10,Banded5,Banded,0,45,0,Banded,2,0.003655770361445117,True
10,Banded5,Banded,0,45,0,Waffled,246,0.011244150780730912,False
10,Banded5,Banded,0,45,0,Chequered,21,0.01251046055181626,False
10,Banded5,Banded,0,45,0,Banded,10,0.018000185455678327,True
10,Banded5,Banded,0,45,0,Stratified,200,0.021415477639688853,False
11,Banded5,Banded,0,90,0,Banded,7,0.0004227792804712127,True
11,Banded5,Banded,0,90,0,Banded,3,0.01954178418251683,True
11,Banded5,Banded,0,90,0,Banded,0,0.02496168051347823,True
11,Banded5,Banded,0,90,0,Frilly,71,0.025896319349239395,False
11,Banded5,Banded,0,90,0,Stratified,201,0.029354630962587502,False
12,Banded,Banded,0,45,0,Banded,2,0.012188353821243274,True
12,Banded,Banded,0,45,0,Waffled,246,0.015212300304423719,False
12,Banded,Banded,0,45,0,Banded,9,0.018000185455678327,True
12,Banded,Banded,0,45,0,Chequered,21,0.01826851833393205,False
12,Banded,Banded,0,45,0,Bubbly,19,0.0342716284398712,False
13,Bubbly16,Bubbly,0,0,0,Bubbly,14,0.0002503402929648321,True
13,Bubbly16,Bubbly,0,0,0,Studded,228,0.0026040301935148047,False
13,Bubbly16,Bubbly,0,0,0,Cracked,35,0.004481932886986622,False
13,Bubbly16,Bubbly,0,0,0,Knitted,117,0.00752468074484827,False
13,Bubbly16,Bubbly,0,0,0,Lacelike,142,0.007786990522044751,False
14,Bubbly16,Bubbly,0,22,0,Bubbly,13,0.0004483327475600916,True
14,Bubbly16,Bubbly,0,22,0,Chequered,27,0.0010847559807295843,False
14,Bubbly16,Bubbly,0,22,0,Woven,268,0.0015262031031289688,False
14,Bubbly16,Bubbly,0,22,0,Cracked,30,0.0016525281210386022,False
14,Bubbly16,Bubbly,0,22,0,Swirly,232,0.0017208269242663223,False
15,Bubbly16,Bubbly,0,45,0,Bubbly,13,0.0004483327475600916,True
15,Bubbly16,Bubbly,0,45,0,Chequered,27,0.0009827040351035622,False
15,Bubbly16,Bubbly,0,45,0,Woven,268,0.0012882266208236416,False
15,Bubbly16,Bubbly,0,45,0,Cracked,30,0.0013562793112035457,False
15,Bubbly16,Bubbly,0,45,0,Swirly,232,0.0018178868315559301,False
16,Bubbly16,Bubbly,0,90,0,Bubbly,12,0.0002503402929648321,True
16,Bubbly16,Bubbly,0,90,0,Studded,228,0.0024168974248088516,False
16,Bubbly16,Bubbly,0,90,0,Cracked,35,0.005181349115228226,False
16,Bubbly16,Bubbly,0,90,0,Lacelike,142,0.006796606173393814,False
16,Bubbly16,Bubbly,0,90,0,Knitted,117,0.007839777770035746,False
17,Bubbly35,Bubbly,0,0,0,Bubbly,18,0.0003275587827630734,True
17,Bubbly35,Bubbly,0,0,0,Bubbly,16,0.002053540349711072,True
17,Bubbly35,Bubbly,0,0,0,Bubbly,17,0.002612012307353098,True
17,Bubbly35,Bubbly,0,0,0,Matted,156,0.00287567483815042,False
17,Bubbly35,Bubbly,0,0,0,Matted,153,0.0029557408716068562,False
18,Bubbly35,Bubbly,0,22,0,Bubbly,17,0.00031446004575036993,True
18,Bubbly35,Bubbly,0,22,0,Bubbly,16,0.002053540349711072,True
18,Bubbly35,Bubbly,0,22,0,Bubbly,18,0.0029600653714868252,True
18,Bubbly35,Bubbly,0,22,0,Matted,155,0.004128063478830594,False
18,Bubbly35,Bubbly,0,22,0,Honeycombed,102,0.004602628125120211,False
19,Bubbly35,Bubbly,0,45,0,Bubbly,17,0.00031446004575036993,True
19,Bubbly35,Bubbly,0,45,0,Bubbly,16,0.002612012307353098,True
19,Bubbly35,Bubbly,0,45,0,Bubbly,18,0.0035131896216034175,True
19,Bubbly35,Bubbly,0,45,0,Matted,155,0.0038441734965452955,False
19,Bubbly35,Bubbly,0,45,0,Honeycombed,102,0.004483629503014816,False
20,Bubbly35,Bubbly,0,90,0,Bubbly,16,0.0003275587827630734,True
20,Bubbly35,Bubbly,0,90,0,Bubbly,17,0.0029600653714868252,True
20,Bubbly35,Bubbly,0,90,0,Matted,156,0.0031817931454790308,False
20,Bubbly35,Bubbly,0,90,0,Matted,153,0.003380237951059563,False
20,Bubbly35,Bubbly,0,90,0,Bubbly,18,0.0035131896216034175,True
21,Chequered12,Chequered,0,0,0,Chequered,22,0.0005580652313788906,True
21,Chequered12,Chequered,0,0,0,Dotted,44,0.007066985144048292,False
21,Chequered12,Chequered,0,0,0,Cracked,29,0.007639219811933817,False
21,Chequered12,Chequered,0,0,0,Cracked,28,0.008449169499233859,False
21,Chequered12,Chequered,0,0,0,Dotted,45,0.008657228368641832,False
22,Chequered12,Chequered,0,22,0,Meshed,162,0.0072986664971713845,False
22,Chequered12,Chequered,0,22,0,Meshed,166,0.008707800426586993,False
22,Chequered12,Chequered,0,22,0,Meshed,163,0.009430893082079023,False
22,Chequered12,Chequered,0,22,0,Banded,8,0.01221854172407386,False
22,Chequered12,Chequered,0,22,0,Meshed,165,0.01319967602062112,False
23,Chequered12,Chequered,0,45,0,Banded,2,0.00986381425432465,False
23,Chequered12,Chequered,0,45,0,Banded,9,0.01251046055181626,False
23,Chequered12,Chequered,0,45,0,Banded,11,0.01826851833393205,False
23,Chequered12,Chequered,0,45,0,Stratified,210,0.019237481096539426,False
23,Chequered12,Chequered,0,45,0,Waffled,246,0.020040892111043138,False
24,Chequered12,Chequered,0,90,0,Chequered,20,0.0005580652313788906,True
24,Chequered12,Chequered,0,90,0,Dotted,44,0.006178904662455974,False
24,Chequered12,Chequered,0,90,0,Dotted,45,0.006865608942645671,False
24,Chequered12,Chequered,0,90,0,Cracked,34,0.007744066964996463,False
24,Chequered12,Chequered,0,90,0,Cracked,29,0.007782149534705096,False
25,Chequered5,Chequered,0,0,0,Chequered,26,0.00047881976000282896,True
25,Chequered5,Chequered,0,0,0,Chequered,24,0.008320856533061884,True
25,Chequered5,Chequered,0,0,0,Chequered,25,0.02088439413513397,True
25,Chequered5,Chequered,0,0,0,Dotted,46,0.051314085559376346,False
25,Chequered5,Chequered,0,0,0,Dotted,43,0.05231627981421455,False
26,Chequered5,Chequered,0,22,0,Chequered,26,0.0067898268007543,True
26,Chequered5,Chequered,0,22,0,Chequered,24,0.008320856533061884,True
26,Chequered5,Chequered,0,22,0,Chequered,25,0.017107041566465368,True
26,Chequered5,Chequered,0,22,0,Dotted,46,0.05459019248631221,False
26,Chequered5,Chequered,0,22,0,Bubbly,15,0.05569947069476541,False
27,Chequered5,Chequered,0,45,0,Chequered,25,0.017107041566465368,True
27,Chequered5,Chequered,0,45,0,Chequered,26,0.020757953674028596,True
27,Chequered5,Chequered,0,45,0,Chequered,24,0.02088439413513397,True
27,Chequered5,Chequered,0,45,0,Banded,5,0.056536059434476704,False
27,Chequered5,Chequered,0,45,0,Zigzagged,295,0.05667162164161579,False
28,Chequered5,Chequered,0,90,0,Chequered,24,0.00047881976000282896,True
28,Chequered5,Chequered,0,90,0,Chequered,25,0.0067898268007543,True
28,Chequered5,Chequered,0,90,0,Chequered,26,0.020757953674028596,True
28,Chequered5,Chequered,0,90,0,Dotted,46,0.048571044772009145,False
28,Chequered5,Chequered,0,90,0,Dotted,43,0.049661514269162224,False
29,Cracked18,Cracked,0,0,0,Cracked,30,0.0003211613869361621,True
29,Cracked18,Cracked,0,0,0,Bubbly,14,0.0009827040351035622,False
29,Cracked18,Cracked,0,0,0,Bubbly,13,0.0010847559807295843,False
29,Cracked18,Cracked,0,0,0,Swirly,232,0.0019584917379340556,False
29,Cracked18,Cracked,0,0,0,Swirly,229,0.0019809461799590437,False
30,Cracked18,Cracked,0,22,0,Cracked,29,0.0003926871260435333,True
30,Cracked18,Cracked,0,22,0,Cracked,31,0.0013080881835489796,True
30,Cracked18,Cracked,0,22,0,Cracked,34,0.0014507616050612152,True
30,Cracked18,Cracked,0,22,0,Cracked,32,0.003245627947221961,True
30,Cracked18,Cracked,0,22,0,Cracked,36,0.0036013252126579627,True
31,Cracked18,Cracked,0,45,0,Cracked,29,0.0003926871260435333,True
31,Cracked18,Cracked,0,45,0,Cracked,31,0.0018777904209670735,True
31,Cracked18,Cracked,0,45,0,Cracked,34,0.0019251261130785317,True
31,Cracked18,Cracked,0,45,0,Cracked,32,0.0030154393041512467,True
31,Cracked18,Cracked,0,45,0,Cracked,36,0.0032627687083084177,True
32,Cracked18,Cracked,0,90,0,Cracked,28,0.0003211613869361621,True
32,Cracked18,Cracked,0,90,0,Bubbly,14,0.0013562793112035457,False
32,Cracked18,Cracked,0,90,0,Bubbly,13,0.0016525281210386022,False
32,Cracked18,Cracked,0,90,0,Swirly,229,0.001826179242512609,False
32,Cracked18,Cracked,0,90,0,Swirly,232,0.0018640064633490341,False
33,Cracked19,Cracked,0,0,0,Cracked,34,0.0003782365622527683,True
33,Cracked19,Cracked,0,0,0,Cracked,29,0.0013080881835489796,True
33,Cracked19,Cracked,0,0,0,Cracked,30,0.0018777904209670735,True
33,Cracked19,Cracked,0,0,0,Flecked,64,0.0032993835512158,False
33,Cracked19,Cracked,0,0,0,Woven,268,0.004187757374012953,False
34,Cracked19,Cracked,0,22,0,Cracked,33,0.00032596167970262534,True
34,Cracked19,Cracked,0,22,0,Wrinkled,272,0.0014836185153011528,False
34,Cracked19,Cracked,0,22,0,Wrinkled,269,0.001549457947462475,False
34,Cracked19,Cracked,0,22,0,Wrinkled,270,0.0020838000254151524,False
34,Cracked19,Cracked,0,22,0,Wrinkled,271,0.002558011554977988,False
35,Cracked19,Cracked,0,45,0,Cracked,33,0.00032596167970262534,True
35,Cracked19,Cracked,0,45,0,Wrinkled,269,0.0011705372927466055,False
35,Cracked19,Cracked,0,45,0,Wrinkled,272,0.0012131181432650275,False
35,Cracked19,Cracked,0,45,0,Wrinkled,270,0.00179247183284808,False
35,Cracked19,Cracked,0,45,0,Wrinkled,271,0.0023806790176973606,False
36,Cracked19,Cracked,0,90,0,Cracked,32,0.0003782365622527683,True
36,Cracked19,Cracked,0,90,0,Cracked,29,0.0014507616050612152,True
36,Cracked19,Cracked,0,90,0,Cracked,30,0.0019251261130785317,True
36,Cracked19,Cracked,0,90,0,Flecked,64,0.003603336939170871,False
36,Cracked19,Cracked,0,90,0,Dotted,44,0.004151822558229759,False
37,Cracked28,Cracked,0,0,0,Bubbly,12,0.004481932886986622,False
37,Cracked28,Cracked,0,0,0,Bubbly,15,0.005181349115228226,False
37,Cracked28,Cracked,0,0,0,Studded,228,0.006050621048705505,False
37,Cracked28,Cracked,0,0,0,Stratified,209,0.006859809514913464,False
37,Cracked28,Cracked,0,0,0,Cracked,31,0.007101282805501197,True
38,Cracked28,Cracked,0,22,0,Cracked,30,0.0032627687083084177,True
38,Cracked28,Cracked,0,22,0,Meshed,164,0.0035380825163129352,False
38,Cracked28,Cracked,0,22,0,Cracked,29,0.0036013252126579627,True
38,Cracked28,Cracked,0,22,0,Cracked,32,0.004362434030329924,True
38,Cracked28,Cracked,0,22,0,Meshed,165,0.004990920778947055,False
39,Cracked28,Cracked,0,45,0,Cracked,34,0.004093836688946886,True
39,Cracked28,Cracked,0,45,0,Meshed,164,0.004407683000541721,False
39,Cracked28,Cracked,0,45,0,Grid,97,0.004428123242916092,False
39,Cracked28,Cracked,0,45,0,Cracked,33,0.0044718825671865,True
39,Cracked28,Cracked,0,45,0,Cracked,38,0.004821496280009714,True
40,Cracked28,Cracked,0,90,0,Grid,97,0.003387388416410249,False
40,Cracked28,Cracked,0,90,0,Honeycombed,99,0.00378175085112655,False
40,Cracked28,Cracked,0,90,0,Honeycombed,98,0.004395554565121508,False
40,Cracked28,Cracked,0,90,0,Honeycombed,101,0.004467714163670713,False
40,Cracked28,Cracked,0,90,0,Honeycombed,100,0.004501855018223067,False
41,Dotted18,Dotted,0,0,0,Dotted,42,0.00026411200205088734,True
41,Dotted18,Dotted,0,0,0,Dotted,41,0.004790962309320852,True
41,Dotted18,Dotted,0,0,0,Dotted,40,0.005732772544208643,True
41,Dotted18,Dotted,0,0,0,Swirly,229,0.00816653292352651,False
41,Dotted18,Dotted,0,0,0,Cracked,36,0.008795408514496198,False
42,Dotted18,Dotted,0,22,0,Dotted,41,0.0003759842664727583,True
42,Dotted18,Dotted,0,22,0,Swirly,233,0.0042251991285477755,False
42,Dotted18,Dotted,0,22,0,Swirly,229,0.004830832068135622,False
42,Dotted18,Dotted,0,22,0,Bubbly,13,0.005021906560667293,False
42,Dotted18,Dotted,0,22,0,Knitted,127,0.005092005680490335,False
43,Dotted18,Dotted,0,45,0,Dotted,41,0.0003759842664727583,True
43,Dotted18,Dotted,0,45,0,Swirly,229,0.0039239951918942275,False
43,Dotted18,Dotted,0,45,0,Swirly,233,0.004406441548291875,False
43,Dotted18,Dotted,0,45,0,Swirly,232,0.004528911053780751,False
43,Dotted18,Dotted,0,45,0,Dotted,40,0.004790962309320852,True
44,Dotted18,Dotted,0,90,0,Dotted,40,0.00026411200205088734,True
44,Dotted18,Dotted,0,90,0,Dotted,42,0.00564295669523615,True
44,Dotted18,Dotted,0,90,0,Dotted,41,0.006919226505070396,True
44,Dotted18,Dotted,0,90,0,Cracked,36,0.007659042331064387,False
44,Dotted18,Dotted,0,90,0,Swirly,229,0.008198953761169343,False
45,Dotted19,Dotted,0,0,0,Dotted,46,0.0003047546609440031,True
45,Dotted19,Dotted,0,0,0,Scaly,184,0.022752829274981377,False
45,Dotted19,Dotted,0,0,0,Porous,182,0.022768870178646594,False
45,Dotted19,Dotted,0,0,0,Scaly,186,0.022856307206715155,False
45,Dotted19,Dotted,0,0,0,Scaly,183,0.023134700039426314,False
46,Dotted19,Dotted,0,22,0,Dotted,45,0.0022356884353813833,True
46,Dotted19,Dotted,0,22,0,Striped,218,0.0037388930000266593,False
46,Dotted19,Dotted,0,22,0,Studded,222,0.003999233440802145,False
46,Dotted19,Dotted,0,22,0,Cracked,35,0.004151822558229759,False
46,Dotted19,Dotted,0,22,0,Studded,219,0.004319854354514252,False
47,Dotted19,Dotted,0,45,0,Dotted,45,0.0022356884353813833,True
47,Dotted19,Dotted,0,45,0,Striped,218,0.0025333172791211027,False
47,Dotted19,Dotted,0,45,0,Dotted,52,0.005160568135383669,True
47,Dotted19,Dotted,0,45,0,Matted,143,0.005949871799045543,False
47,Dotted19,Dotted,0,45,0,Matted,146,0.006009429052020556,False
48,Dotted19,Dotted,0,90,0,Dotted,44,0.0003047546609440031,True
48,Dotted19,Dotted,0,90,0,Scaly,186,0.021593448314927592,False
48,Dotted19,Dotted,0,90,0,Scaly,184,0.021754047635595877,False
48,Dotted19,Dotted,0,90,0,Scaly,183,0.021769229346570725,False
48,Dotted19,Dotted,0,90,0,Porous,182,0.02384794203619275,False
49,Dotted31,Dotted,0,0,0,Dotted,50,0.00029450236578937387,True
49,Dotted31,Dotted,0,0,0,Dotted,49,0.0011484039425056264,True
49,Dotted31,Dotted,0,0,0,Dotted,48,0.0012689583006305386,True
49,Dotted31,Dotted,0,0,0,Studded,224,0.00239981385289362,False
49,Dotted31,Dotted,0,0,0,Studded,225,0.002590824482224696,False
50,Dotted31,Dotted,0,22,0,Dotted,49,0.0004391001777886688,True
50,Dotted31,Dotted,0,22,0,Dotted,48,0.0012689583006305386,True
50,Dotted31,Dotted,0,22,0,Dotted,50,0.0012827183137436213,True
50,Dotted31,Dotted,0,22,0,Wrinkled,278,0.002698264609011736,False
50,Dotted31,Dotted,0,22,0,Studded,225,0.0028779722245922865,False
51,Dotted31,Dotted,0,45,0,Dotted,49,0.0004391001777886688,True
51,Dotted31,Dotted,0,45,0,Dotted,50,0.0011227691524112052,True
51,Dotted31,Dotted,0,45,0,Dotted,48,0.0011484039425056264,True
51,Dotted31,Dotted,0,45,0,Studded,225,0.0023570266285296536,False
51,Dotted31,Dotted,0,45,0,Studded,224,0.002532723565515821,False
52,Dotted31,Dotted,0,90,0,Dotted,48,0.00029450236578937387,True
52,Dotted31,Dotted,0,90,0,Dotted,50,0.0011227691524112052,True
52,Dotted31,Dotted,0,90,0,Dotted,49,0.0012827183137436213,True
52,Dotted31,Dotted,0,90,0,Wrinkled,278,0.0029809755033098533,False
52,Dotted31,Dotted,0,90,0,Studded,224,0.003044920346871853,False
53,Dotted32,Dotted,0,0,0,Dotted,54,0.00015529796705278669,True
53,Dotted32,Dotted,0,0,0,Stratified,207,0.03956186166959721,False
53,Dotted32,Dotted,0,0,0,Scaly,185,0.04627679800403487,False
53,Dotted32,Dotted,0,0,0,Matted,149,0.04681952224739936,False
53,Dotted32,Dotted,0,0,0,Matted,150,0.047994694821056075,False
54,Dotted32,Dotted,0,22,0,Striped,218,0.001575267875440106,False
54,Dotted32,Dotted,0,22,0,Dotted,53,0.0027863100521888927,True
54,Dotted32,Dotted,0,22,0,Matted,146,0.003217423344161893,False
54,Dotted32,Dotted,0,22,0,Matted,143,0.0034342453610845865,False
54,Dotted32,Dotted,0,22,0,Matted,144,0.003646372555891388,False
55,Dotted32,Dotted,0,45,0,Dotted,53,0.0027863100521888927,True
55,Dotted32,Dotted,0,45,0,Matted,150,0.004648785231580938,False
55,Dotted32,Dotted,0,45,0,Matted,151,0.0047344093666529,False
55,Dotted32,Dotted,0,45,0,Matted,146,0.005175006646926997,False
55,Dotted32,Dotted,0,45,0,Matted,145,0.005182253220067313,False
56,Dotted32,Dotted,0,90,0,Dotted,52,0.00015529796705278669,True
56,Dotted32,Dotted,0,90,0,Stratified,207,0.03880566611652007,False
56,Dotted32,Dotted,0,90,0,Scaly,185,0.04657862646728962,False
56,Dotted32,Dotted,0,90,0,Matted,149,0.04740290022236742,False
56,Dotted32,Dotted,0,90,0,Matted,150,0.048649388178803044,False
57,Flecked10,Flecked,0,0,0,Flecked,58,0.0002089743389045973,True
57,Flecked10,Flecked,0,0,0,Matted,144,0.004596753526407661,False
57,Flecked10,Flecked,0,0,0,Matted,145,0.004602173448967444,False
57,Flecked10,Flecked,0,0,0,Matted,151,0.005360836100954221,False
57,Flecked10,Flecked,0,0,0,Matted,146,0.0054678493205418035,False
58,Flecked10,Flecked,0,22,0,Flecked,57,0.00035807865160617923,True
58,Flecked10,Flecked,0,22,0,Lacelike,135,0.0017636125452216898,False
58,Flecked10,Flecked,0,22,0,Lacelike,134,0.002097311306031046,False
58,Flecked10,Flecked,0,22,0,Lacelike,136,0.002907627301224284,False
58,Flecked10,Flecked,0,22,0,Lacelike,133,0.003175412965927275,False
59,Flecked10,Flecked,0,45,0,Flecked,57,0.00035807865160617923,True
59,Flecked10,Flecked,0,45,0,Lacelike,135,0.0016464686974492914,False
59,Flecked10,Flecked,0,45,0,Lacelike,134,0.00209831392157789,False
59,Flecked10,Flecked,0,45,0,Lacelike,136,0.0028312164079108758,False
59,Flecked10,Flecked,0,45,0,Lacelike,133,0.003033034277637771,False
60,Flecked10,Flecked,0,90,0,Flecked,56,0.0002089743389045973,True
60,Flecked10,Flecked,0,90,0,Matted,144,0.0049749996499510825,False
60,Flecked10,Flecked,0,90,0,Matted,145,0.005137753849344214,False
60,Flecked10,Flecked,0,90,0,Matted,151,0.005385897450694088,False
60,Flecked10,Flecked,0,90,0,Matted,148,0.0055764626362784205,False
61,Flecked13,Flecked,0,0,0,Flecked,62,0.0003823418024527961,True
61,Flecked13,Flecked,0,0,0,Porous,174,0.0018861734580387127,False
61,Flecked13,Flecked,0,0,0,Porous,175,0.002079789056144716,False
61,Flecked13,Flecked,0,0,0,Porous,180,0.0021140009608547213,False
61,Flecked13,Flecked,0,0,0,Porous,179,0.0021291436051530735,False
62,Flecked13,Flecked,0,22,0,Flecked,61,0.0002930636990016509,True
62,Flecked13,Flecked,0,22,0,Wrinkled,271,0.003586798130464618,False
62,Flecked13,Flecked,0,22,0,Wrinkled,272,0.003987709519008422,False
62,Flecked13,Flecked,0,22,0,Wrinkled,270,0.004100381410974047,False
62,Flecked13,Flecked,0,22,0,Porous,181,0.004129896888271407,False
63,Flecked13,Flecked,0,45,0,Flecked,61,0.0002930636990016509,True
63,Flecked13,Flecked,0,45,0,Wrinkled,271,0.0034256220539990905,False
63,Flecked13,Flecked,0,45,0,Wrinkled,270,0.0038116606227871393,False
63,Flecked13,Flecked,0,45,0,Wrinkled,272,0.003859296397466278,False
63,Flecked13,Flecked,0,45,0,Wrinkled,269,0.004205729069172014,False
64,Flecked13,Flecked,0,90,0,Flecked,60,0.0003823418024527961,True
64,Flecked13,Flecked,0,90,0,Porous,180,0.0011657727625579131,False
64,Flecked13,Flecked,0,90,0,Porous,179,0.0011748118884795516,False
64,Flecked13,Flecked,0,90,0,Porous,174,0.0021921200771253648,False
64,Flecked13,Flecked,0,90,0,Porous,169,0.0023086544165672987,False
65,Flecked34,Flecked,0,0,0,Flecked,66,0.0003927261026500258,True
65,Flecked34,Flecked,0,0,0,Porous,172,0.004286554811382223,False
65,Flecked34,Flecked,0,0,0,Woven,268,0.004713916987830269,False
65,Flecked34,Flecked,0,0,0,Cracked,31,0.00521131754132445,False
65,Flecked34,Flecked,0,0,0,Cracked,28,0.005250438169102126,False
66,Flecked34,Flecked,0,22,0,Flecked,65,0.0013997784217115155,True
66,Flecked34,Flecked,0,22,0,Knitted,121,0.001960331674238559,False
66,Flecked34,Flecked,0,22,0,Knitted,118,0.002066278394314936,False
66,Flecked34,Flecked,0,22,0,Porous,175,0.002234269692914817,False
66,Flecked34,Flecked,0,22,0,Porous,174,0.0024024148805084026,False
67,Flecked34,Flecked,0,45,0,Flecked,65,0.0013997784217115155,True
67,Flecked34,Flecked,0,45,0,Knitted,118,0.0037180143270158002,False
67,Flecked34,Flecked,0,45,0,Knitted,121,0.003758780315659343,False
67,Flecked34,Flecked,0,45,0,Knitted,120,0.004013562679830686,False
67,Flecked34,Flecked,0,45,0,Porous,175,0.004228108988753502,False
68,Flecked34,Flecked,0,90,0,Flecked,64,0.0003927261026500258,True
68,Flecked34,Flecked,0,90,0,Porous,172,0.004214340091743171,False
68,Flecked34,Flecked,0,90,0,Cracked,31,0.00511636438029333,False
68,Flecked34,Flecked,0,90,0,Stratified,209,0.0051257156982095434,False
68,Flecked34,Flecked,0,90,0,Cracked,28,0.005546859831433679,False
69,Frilly17,Frilly,0,0,0,Frilly,70,0.00020803749133687185,True
69,Frilly17,Frilly,0,0,0,Honeycombed,102,0.001637890231020886,False
69,Frilly17,Frilly,0,0,0,Honeycombed,107,0.0018027177459040776,False
69,Frilly17,Frilly,0,0,0,Frilly,69,0.0027364836691884525,True
69,Frilly17,Frilly,0,0,0,Frilly,68,0.002750066836744403,True
70,Frilly17,Frilly,0,22,0,Honeycombed,106,0.0013061071496512887,False
70,Frilly17,Frilly,0,22,0,Honeycombed,104,0.0013338856315159937,False
70,Frilly17,Frilly,0,22,0,Honeycombed,103,0.0014119816050420495,False
70,Frilly17,Frilly,0,22,0,Honeycombed,102,0.001739483303289533,False
70,Frilly17,Frilly,0,22,0,Honeycombed,111,0.0018257551343807295,False
71,Frilly17,Frilly,0,45,0,Honeycombed,102,0.001257070620939007,False
71,Frilly17,Frilly,0,45,0,Honeycombed,104,0.0012839126552877298,False
71,Frilly17,Frilly,0,45,0,Honeycombed,105,0.0013290055892372615,False
71,Frilly17,Frilly,0,45,0,Honeycombed,106,0.0016682313811170117,False
71,Frilly17,Frilly,0,45,0,Frilly,69,0.001835997014678651,True
72,Frilly17,Frilly,0,90,0,Frilly,68,0.00020803749133687185,True
72,Frilly17,Frilly,0,90,0,Honeycombed,107,0.0019821919035961835,False
72,Frilly17,Frilly,0,90,0,Honeycombed,102,0.002190079441618214,False
72,Frilly17,Frilly,0,90,0,Wrinkled,278,0.0034361534315073368,False
72,Frilly17,Frilly,0,90,0,Frilly,70,0.003459482107038962,True
73,Frilly26,Frilly,0,0,0,Frilly,73,0.0006305160888910501,True
73,Frilly26,Frilly,0,0,0,Studded,223,0.0023542144959886086,False
73,Frilly26,Frilly,0,0,0,Frilly,76,0.005269670248057725,True
73,Frilly26,Frilly,0,0,0,Studded,227,0.006056896741506619,False
73,Frilly26,Frilly,0,0,0,Studded,224,0.006089073446897241,False
74,Frilly26,Frilly,0,10,0,Frilly,74,0.0003759539387824936,True
74,Frilly26,Frilly,0,10,0,Frilly,76,0.00045982017248843174,True
74,Frilly26,Frilly,0,10,0,Frilly,75,0.0009286643402858269,True
74,Frilly26,Frilly,0,10,0,Studded,226,0.0025070403890655913,False
74,Frilly26,Frilly,0,10,0,Studded,227,0.0033872199883333686,False
75,Frilly26,Frilly,0,180,0,Frilly,72,0.0006305160888910501,True
75,Frilly26,Frilly,0,180,0,Studded,223,0.002928053226634617,False
75,Frilly26,Frilly,0,180,0,Studded,222,0.005609136014578082,False
75,Frilly26,Frilly,0,180,0,Studded,221,0.0057210232533560015,False
75,Frilly26,Frilly,0,180,0,Studded,219,0.0061536037336384726,False
76,Frilly26,Frilly,0,22,0,Frilly,76,0.00032698022364514645,True
76,Frilly26,Frilly,0,22,0,Frilly,73,0.0003759539387824936,True
76,Frilly26,Frilly,0,22,0,Frilly,75,0.0006490275638187699,True
76,Frilly26,Frilly,0,22,0,Studded,226,0.0020864325880147264,False
76,Frilly26,Frilly,0,22,0,Studded,227,0.0027917861812258487,False
77,Frilly26,Frilly,0,42,0,Frilly,75,0.0006490275638187699,True
77,Frilly26,Frilly,0,42,0,Frilly,76,0.0008225778193148733,True
77,Frilly26,Frilly,0,42,0,Frilly,73,0.0009286643402858269,True
77,Frilly26,Frilly,0,42,0,Studded,226,0.001378533960582525,False
77,Frilly26,Frilly,0,42,0,Studded,227,0.001519346057737161,False
78,Frilly26,Frilly,0,88,0,Frilly,75,0.00032698022364514645,True
78,Frilly26,Frilly,0,88,0,Frilly,73,0.00045982017248843174,True
78,Frilly26,Frilly,0,88,0,Frilly,76,0.0008225778193148733,True
78,Frilly26,Frilly,0,88,0,Studded,226,0.0019093188331193972,False
78,Frilly26,Frilly,0,88,0,Studded,227,0.002751793392842935,False
79,Frilly38,Frilly,0,0,0,Frilly,78,0.0017388475704633605,True
79,Frilly38,Frilly,0,0,0,Frilly,79,0.0018655306392183616,True
79,Frilly38,Frilly,0,0,0,Frilly,81,0.002018915549740589,True
79,Frilly38,Frilly,0,0,0,Frilly,80,0.002462119636438895,True
79,Frilly38,Frilly,0,0,0,Honeycombed,102,0.003542194212956176,False
80,Frilly38,Frilly,0,182,0,Frilly,81,0.00031216880306924797,True
80,Frilly38,Frilly,0,182,0,Frilly,79,0.00038797977301674067,True
80,Frilly38,Frilly,0,182,0,Honeycombed,112,0.0016279549367670186,False
80,Frilly38,Frilly,0,182,0,Frilly,78,0.0017388475704633605,True
80,Frilly38,Frilly,0,182,0,Frilly,80,0.0025845778018313693,True
81,Frilly38,Frilly,0,22,0,Frilly,79,0.00038797977301674067,True
81,Frilly38,Frilly,0,22,0,Frilly,81,0.0004097452691345727,True
81,Frilly38,Frilly,0,22,0,Honeycombed,112,0.001255018157574543,False
81,Frilly38,Frilly,0,22,0,Frilly,80,0.0017683508741983328,True
81,Frilly38,Frilly,0,22,0,Frilly,78,0.0018655306392183616,True
82,Frilly38,Frilly,0,42,0,Frilly,80,0.0017683508741983328,True
82,Frilly38,Frilly,0,42,0,Frilly,78,0.002462119636438895,True
82,Frilly38,Frilly,0,42,0,Honeycombed,112,0.0025307042678385737,False
82,Frilly38,Frilly,0,42,0,Frilly,79,0.0025845778018313693,True
82,Frilly38,Frilly,0,42,0,Honeycombed,105,0.0028843487633622676,False
83,Frilly38,Frilly,0,92,0,Frilly,79,0.00031216880306924797,True
83,Frilly38,Frilly,0,92,0,Frilly,80,0.0004097452691345727,True
83,Frilly38,Frilly,0,92,0,Honeycombed,112,0.0015871365437682208,False
83,Frilly38,Frilly,0,92,0,Frilly,78,0.002018915549740589,True
83,Frilly38,Frilly,0,92,0,Frilly,81,0.002888166645635769,True
84,Grid10,Grid,0,0,0,Waffled,243,0.045667387925493255,False
84,Grid10,Grid,0,0,0,Grid,96,0.0684087376205997,True
84,Grid10,Grid,0,0,0,Grid,93,0.06914763415050494,True
84,Grid10,Grid,0,0,0,Grid,86,0.08128293612637363,True
84,Grid10,Grid,0,0,0,Grid,83,0.08150867066257707,True
85,Grid10,Grid,0,182,0,Grid,86,0.0003011266182075084,True
85,Grid10,Grid,0,182,0,Grid,88,0.04185631908846612,True
85,Grid10,Grid,0,182,0,Grid,91,0.04203696950691853,True
85,Grid10,Grid,0,182,0,Banded,3,0.04471111168486652,False
85,Grid10,Grid,0,182,0,Banded,0,0.0485143060579775,False
86,Grid10,Grid,0,22,0,Grid,89,0.011443808372320875,True
86,Grid10,Grid,0,22,0,Banded,5,0.06328766023270425,False
86,Grid10,Grid,0,22,0,Grid,85,0.06343137043703484,True
86,Grid10,Grid,0,22,0,Grid,90,0.07133289819454462,True
86,Grid10,Grid,0,22,0,Grid,91,0.07995380447956434,True
87,Grid10,Grid,0,42,0,Grid,90,0.00937375377870555,True
87,Grid10,Grid,0,42,0,Grid,95,0.0596581734421528,True
87,Grid10,Grid,0,42,0,Grid,85,0.06343137043703484,True
87,Grid10,Grid,0,42,0,Banded,11,0.07579802292930768,False
87,Grid10,Grid,0,42,0,Grid,94,0.08190603919856028,True
88,Grid10,Grid,0,92,0,Grid,84,0.0003011266182075084,True
88,Grid10,Grid,0,92,0,Grid,88,0.041812715927336166,True
88,Grid10,Grid,0,92,0,Grid,91,0.04198124086878334,True
88,Grid10,Grid,0,92,0,Banded,3,0.04588007444979438,False
88,Grid10,Grid,0,92,0,Banded,0,0.04969362857203157,False
89,Grid11,Grid,0,0,0,Grid,88,0.021328945281457394,True
89,Grid11,Grid,0,0,0,Grid,91,0.022364407802133626,True
89,Grid11,Grid,0,0,0,Grid,84,0.05338291160744129,True
89,Grid11,Grid,0,0,0,Grid,87,0.05349401846250853,True
89,Grid11,Grid,0,0,0,Banded,3,0.08736250274260353,False
90,Grid11,Grid,0,182,0,Grid,91,0.00016423880171967256,True
90,Grid11,Grid,0,182,0,Grid,88,0.021328945281457394,True
90,Grid11,Grid,0,182,0,Grid,87,0.041812715927336166,True
90,Grid11,Grid,0,182,0,Grid,84,0.04185631908846612,True
90,Grid11,Grid,0,182,0,Banded,7,0.05384198667677069,False
91,Grid11,Grid,0,22,0,Grid,85,0.011443808372320875,True
91,Grid11,Grid,0,22,0,Banded,5,0.06739841248982914,False
91,Grid11,Grid,0,22,0,Woven,250,0.0698307423338044,False
91,Grid11,Grid,0,22,0,Banded,1,0.07327642520880921,False
91,Grid11,Grid,0,22,0,Grid,90,0.07410983124104034,True
92,Grid11,Grid,0,42,0,Grid,86,0.00937375377870555,True
92,Grid11,Grid,0,42,0,Woven,251,0.06284775569776822,False
92,Grid11,Grid,0,42,0,Banded,11,0.07133275409993661,False
92,Grid11,Grid,0,42,0,Grid,85,0.07133289819454462,True
92,Grid11,Grid,0,42,0,Grid,90,0.07410983124104034,True
93,Grid11,Grid,0,92,0,Grid,89,0.00016423880171967256,True
93,Grid11,Grid,0,92,0,Grid,88,0.022364407802133626,True
93,Grid11,Grid,0,92,0,Grid,87,0.04198124086878334,True
93,Grid11,Grid,0,92,0,Grid,84,0.04203696950691853,True
93,Grid11,Grid,0,92,0,Banded,7,0.05395726288776203,False
94,Grid17,Grid,0,0,0,Banded,6,0.10934971912502023,False
94,Grid17,Grid,0,0,0,Grid,96,0.12495308344425614,True
94,Grid17,Grid,0,0,0,Grid,93,0.12523774726464657,True
94,Grid17,Grid,0,0,0,Grid,83,0.12741759954866802,True
94,Grid17,Grid,0,0,0,Banded,4,0.13841079570947773,False
95,Grid17,Grid,0,182,0,Grid,96,0.00020366351940641418,True
95,Grid17,Grid,0,182,0,Grid,83,0.06914763415050494,True
95,Grid17,Grid,0,182,0,Grid,94,0.07838333910558032,True
95,Grid17,Grid,0,182,0,Zigzagged,286,0.07997246511862821,False
95,Grid17,Grid,0,182,0,Grid,84,0.08383459950038508,True
96,Grid17,Grid,0,22,0,Grid,95,0.03068019215603017,True
96,Grid17,Grid,0,22,0,Chequered,26,0.06607463959044586,False
96,Grid17,Grid,0,22,0,Chequered,25,0.07146096855612236,False
96,Grid17,Grid,0,22,0,Chequered,24,0.07415488660856004,False
96,Grid17,Grid,0,22,0,Chequered,27,0.07546187706022105,False
97,Grid17,Grid,0,42,0,Grid,95,0.03068019215603017,True
97,Grid17,Grid,0,42,0,Grid,86,0.0596581734421528,True
97,Grid17,Grid,0,42,0,Chequered,25,0.09202573889113748,False
97,Grid17,Grid,0,42,0,Chequered,24,0.09433715770362383,False
97,Grid17,Grid,0,42,0,Chequered,27,0.09494464371176427,False
98,Grid17,Grid,0,92,0,Grid,94,0.00020366351940641418,True
98,Grid17,Grid,0,92,0,Grid,83,0.0684087376205997,True
98,Grid17,Grid,0,92,0,Grid,95,0.07999419370775944,True
98,Grid17,Grid,0,92,0,Zigzagged,286,0.08044966978956757,False
98,Grid17,Grid,0,92,0,Grid,84,0.0836458641391339,True
99,Honeycombed36,Honeycombed,0,0,0,Honeycombed,99,0.0030987612370652106,True
99,Honeycombed36,Honeycombed,0,0,0,Honeycombed,100,0.00313371930886969,True
99,Honeycombed36,Honeycombed,0,0,0,Cracked,39,0.003387388416410249,False
99,Honeycombed36,Honeycombed,0,0,0,Honeycombed,101,0.003708815734613526,True
99,Honeycombed36,Honeycombed,0,0,0,Honeycombed,98,0.003798263624183296,True
100,Honeycombed36,Honeycombed,0,182,0,Honeycombed,101,0.00017805092552833696,True
100,Honeycombed36,Honeycombed,0,182,0,Honeycombed,99,0.00045196570875722937,True
100,Honeycombed36,Honeycombed,0,182,0,Honeycombed,100,0.0009608114961270806,True
100,Honeycombed36,Honeycombed,0,182,0,Honeycombed,98,0.003798263624183296,True
100,Honeycombed36,Honeycombed,0,182,0,Cracked,39,0.004395554565121508,False
101,Honeycombed36,Honeycombed,0,22,0,Honeycombed,101,0.00043998273316199775,True
101,Honeycombed36,Honeycombed,0,22,0,Honeycombed,99,0.00045196570875722937,True
101,Honeycombed36,Honeycombed,0,22,0,Honeycombed,100,0.0006763089437978635,True
101,Honeycombed36,Honeycombed,0,22,0,Honeycombed,98,0.0030987612370652106,True
101,Honeycombed36,Honeycombed,0,22,0,Cracked,39,0.00378175085112655,False
102,Honeycombed36,Honeycombed,0,42,0,Honeycombed,100,0.0006763089437978635,True
102,Honeycombed36,Honeycombed,0,42,0,Honeycombed,99,0.0009608114961270806,True
102,Honeycombed36,Honeycombed,0,42,0,Honeycombed,101,0.0010041634506553873,True
102,Honeycombed36,Honeycombed,0,42,0,Honeycombed,98,0.00313371930886969,True
102,Honeycombed36,Honeycombed,0,42,0,Cracked,39,0.004501855018223067,False
103,Honeycombed36,Honeycombed,0,92,0,Honeycombed,99,0.00017805092552833696,True
103,Honeycombed36,Honeycombed,0,92,0,Honeycombed,100,0.00043998273316199775,True
103,Honeycombed36,Honeycombed,0,92,0,Honeycombed,101,0.0010041634506553873,True
103,Honeycombed36,Honeycombed,0,92,0,Honeycombed,98,0.003708815734613526,True
103,Honeycombed36,Honeycombed,0,92,0,Cracked,39,0.004467714163670713,False
104,Honeycombed37,Honeycombed,0,0,0,Honeycombed,107,0.0011253788254193126,True
104,Honeycombed37,Honeycombed,0,0,0,Frilly,70,0.001257070620939007,False
104,Honeycombed37,Honeycombed,0,0,0,Honeycombed,105,0.0013741358190083254,True
104,Honeycombed37,Honeycombed,0,0,0,Frilly,68,0.001637890231020886,False
104,Honeycombed37,Honeycombed,0,0,0,Frilly,69,0.001739483303289533,False
105,Honeycombed37,Honeycombed,0,182,0,Honeycombed,106,0.00025606726308667334,True
105,Honeycombed37,Honeycombed,0,182,0,Honeycombed,104,0.0005132552376105368,True
105,Honeycombed37,Honeycombed,0,182,0,Honeycombed,111,0.0008801531433243895,True
105,Honeycombed37,Honeycombed,0,182,0,Honeycombed,108,0.0009967358795127629,True
105,Honeycombed37,Honeycombed,0,182,0,Honeycombed,109,0.0011298437546941175,True
106,Honeycombed37,Honeycombed,0,22,0,Honeycombed,106,0.0003681595177211774,True
106,Honeycombed37,Honeycombed,0,22,0,Honeycombed,104,0.0005132552376105368,True
106,Honeycombed37,Honeycombed,0,22,0,Honeycombed,111,0.0009787888012098816,True
106,Honeycombed37,Honeycombed,0,22,0,Honeycombed,108,0.0010351314032822627,True
106,Honeycombed37,Honeycombed,0,22,0,Honeycombed,105,0.0010861774839069453,True
107,Honeycombed37,Honeycombed,0,42,0,Honeycombed,105,0.0010861774839069453,True
107,Honeycombed37,Honeycombed,0,42,0,Frilly,70,0.0013290055892372615,False
107,Honeycombed37,Honeycombed,0,42,0,Honeycombed,103,0.0013741358190083254,True
107,Honeycombed37,Honeycombed,0,42,0,Honeycombed,106,0.0017738081976584746,True
107,Honeycombed37,Honeycombed,0,42,0,Honeycombed,104,0.0018370307983137965,True
108,Honeycombed37,Honeycombed,0,92,0,Honeycombed,104,0.00025606726308667334,True
108,Honeycombed37,Honeycombed,0,92,0,Honeycombed,105,0.0003681595177211774,True
108,Honeycombed37,Honeycombed,0,92,0,Honeycombed,111,0.0008838172422001135,True
108,Honeycombed37,Honeycombed,0,92,0,Honeycombed,108,0.0010789903554554968,True
108,Honeycombed37,Honeycombed,0,92,0,Honeycombed,109,0.0011357998521195618,True
109,Honeycombed39,Honeycombed,0,0,0,Honeycombed,103,0.0011253788254193126,True
109,Honeycombed39,Honeycombed,0,0,0,Frilly,68,0.0018027177459040776,False
109,Honeycombed39,Honeycombed,0,0,0,Frilly,71,0.0019821919035961835,False
109,Honeycombed39,Honeycombed,0,0,0,Frilly,70,0.0021570998858721747,False
109,Honeycombed39,Honeycombed,0,0,0,Honeycombed,106,0.002279259415231135,True
110,Honeycombed39,Honeycombed,0,182,0,Honeycombed,111,0.00013934767710056242,True
110,Honeycombed39,Honeycombed,0,182,0,Honeycombed,109,0.0003246547225489229,True
110,Honeycombed39,Honeycombed,0,182,0,Honeycombed,110,0.0004951007239718077,True
110,Honeycombed39,Honeycombed,0,182,0,Honeycombed,104,0.0009967358795127629,True
110,Honeycombed39,Honeycombed,0,182,0,Honeycombed,105,0.0010351314032822627,True
111,Honeycombed39,Honeycombed,0,22,0,Honeycombed,110,0.00016267897181213012,True
111,Honeycombed39,Honeycombed,0,22,0,Honeycombed,109,0.0003246547225489229,True
111,Honeycombed39,Honeycombed,0,22,0,Honeycombed,111,0.0003940638066952991,True
111,Honeycombed39,Honeycombed,0,22,0,Honeycombed,104,0.0011298437546941175,True
111,Honeycombed39,Honeycombed,0,22,0,Honeycombed,107,0.0011357998521195618,True
112,Honeycombed39,Honeycombed,0,42,0,Honeycombed,110,0.00016267897181213012,True
112,Honeycombed39,Honeycombed,0,42,0,Honeycombed,109,0.0004951007239718077,True
112,Honeycombed39,Honeycombed,0,42,0,Honeycombed,111,0.0005573862427276958,True
112,Honeycombed39,Honeycombed,0,42,0,Honeycombed,104,0.0012209522305653214,True
112,Honeycombed39,Honeycombed,0,42,0,Honeycombed,107,0.0012450888119521764,True
113,Honeycombed39,Honeycombed,0,92,0,Honeycombed,109,0.00013934767710056242,True
113,Honeycombed39,Honeycombed,0,92,0,Honeycombed,110,0.0003940638066952991,True
113,Honeycombed39,Honeycombed,0,92,0,Honeycombed,111,0.0005573862427276958,True
113,Honeycombed39,Honeycombed,0,92,0,Honeycombed,104,0.0008801531433243895,True
113,Honeycombed39,Honeycombed,0,92,0,Honeycombed,107,0.0008838172422001135,True
114,Knitted20,Knitted,0,0,0,Frilly,80,0.001255018157574543,False
114,Knitted20,Knitted,0,0,0,Frilly,82,0.0015871365437682208,False
114,Knitted20,Knitted,0,0,0,Frilly,79,0.0016279549367670186,False
114,Knitted20,Knitted,0,0,0,Frilly,81,0.0025307042678385737,False
114,Knitted20,Knitted,0,0,0,Knitted,113,0.002816770642468906,True
115,Knitted20,Knitted,0,182,0,Knitted,116,0.00023699465939353028,True
115,Knitted20,Knitted,0,182,0,Knitted,115,0.0003920486933059112,True
115,Knitted20,Knitted,0,182,0,Knitted,114,0.0004748845841248721,True
115,Knitted20,Knitted,0,182,0,Knitted,113,0.002816770642468906,True
115,Knitted20,Knitted,0,182,0,Knitted,124,0.003768773748051671,True
116,Knitted20,Knitted,0,22,0,Knitted,115,0.00044722350135711333,True
116,Knitted20,Knitted,0,22,0,Knitted,114,0.0004748845841248721,True
116,Knitted20,Knitted,0,22,0,Knitted,116,0.0005474569155143303,True
116,Knitted20,Knitted,0,22,0,Knitted,113,0.0028744101358988386,True
116,Knitted20,Knitted,0,22,0,Knitted,124,0.0032161315428127024,True
117,Knitted20,Knitted,0,42,0,Knitted,116,0.00029514303299853656,True
117,Knitted20,Knitted,0,42,0,Knitted,114,0.0003920486933059112,True
117,Knitted20,Knitted,0,42,0,Knitted,115,0.00044722350135711333,True
117,Knitted20,Knitted,0,42,0,Knitted,124,0.003526768560139389,True
117,Knitted20,Knitted,0,42,0,Knitted,113,0.003728420147461887,True
118,Knitted20,Knitted,0,92,0,Knitted,114,0.00023699465939353028,True
118,Knitted20,Knitted,0,92,0,Knitted,116,0.00029514303299853656,True
118,Knitted20,Knitted,0,92,0,Knitted,115,0.0005474569155143303,True
118,Knitted20,Knitted,0,92,0,Knitted,113,0.0033935064922278515,True
118,Knitted20,Knitted,0,92,0,Knitted,124,0.003831703243670058,True
119,Knitted26,Knitted,0,0,0,Bubbly,12,0.00752468074484827,False
119,Knitted26,Knitted,0,0,0,Bubbly,15,0.007839777770035746,False
119,Knitted26,Knitted,0,0,0,Stratified,210,0.008165106318167959,False
119,Knitted26,Knitted,0,0,0,Cracked,36,0.008530538173841825,False
119,Knitted26,Knitted,0,0,0,Matted,149,0.008685846526326726,False
120,Knitted26,Knitted,0,182,0,Knitted,121,0.00011768964746243747,True
120,Knitted26,Knitted,0,182,0,Knitted,119,0.0003481930022860915,True
120,Knitted26,Knitted,0,182,0,Knitted,120,0.00041078226459980436,True
120,Knitted26,Knitted,0,182,0,Porous,174,0.0018143608655388005,False
120,Knitted26,Knitted,0,182,0,Porous,175,0.0020116746237044216,False
121,Knitted26,Knitted,0,22,0,Knitted,121,0.0003141126357019202,True
121,Knitted26,Knitted,0,22,0,Knitted,120,0.0003438891928019812,True
121,Knitted26,Knitted,0,22,0,Knitted,119,0.0003481930022860915,True
121,Knitted26,Knitted,0,22,0,Porous,177,0.0019419049610679587,False
121,Knitted26,Knitted,0,22,0,Porous,174,0.0021635026205040525,False
122,Knitted26,Knitted,0,42,0,Knitted,120,0.0003438891928019812,True
122,Knitted26,Knitted,0,42,0,Knitted,119,0.00041078226459980436,True
122,Knitted26,Knitted,0,42,0,Knitted,121,0.0004911204788278298,True
122,Knitted26,Knitted,0,42,0,Meshed,167,0.0019757583076279992,False
122,Knitted26,Knitted,0,42,0,Porous,175,0.0022862395339807635,False
123,Knitted26,Knitted,0,92,0,Knitted,119,0.00011768964746243747,True
123,Knitted26,Knitted,0,92,0,Knitted,120,0.0003141126357019202,True
123,Knitted26,Knitted,0,92,0,Knitted,121,0.0004911204788278298,True
123,Knitted26,Knitted,0,92,0,Porous,174,0.0014818472123653455,False
123,Knitted26,Knitted,0,92,0,Porous,175,0.0017924182812741557,False
124,Knitted27,Knitted,0,0,0,Knitted,123,0.0026284534596268568,True
124,Knitted27,Knitted,0,0,0,Knitted,124,0.00274323258116381,True
124,Knitted27,Knitted,0,0,0,Knitted,125,0.003258758217698639,True
124,Knitted27,Knitted,0,0,0,Knitted,126,0.0033681724208764565,True
124,Knitted27,Knitted,0,0,0,Knitted,113,0.0041243348819692514,True
125,Knitted27,Knitted,0,182,0,Knitted,124,0.00017512318617006562,True
125,Knitted27,Knitted,0,182,0,Knitted,125,0.0002586226649057385,True
125,Knitted27,Knitted,0,182,0,Knitted,126,0.000318085645880362,True
125,Knitted27,Knitted,0,182,0,Scaly,187,0.00151476451258836,False
125,Knitted27,Knitted,0,182,0,Knitted,123,0.0026284534596268568,True
126,Knitted27,Knitted,0,22,0,Knitted,124,0.00017512318617006562,True
126,Knitted27,Knitted,0,22,0,Knitted,125,0.00023048034702923348,True
126,Knitted27,Knitted,0,22,0,Knitted,126,0.00036715791318748625,True
126,Knitted27,Knitted,0,22,0,Scaly,187,0.0014444061602369098,False
126,Knitted27,Knitted,0,22,0,Knitted,123,0.00274323258116381,True
127,Knitted27,Knitted,0,42,0,Knitted,125,0.00023048034702923348,True
127,Knitted27,Knitted,0,42,0,Knitted,124,0.0002586226649057385,True
127,Knitted27,Knitted,0,42,0,Knitted,126,0.0004379977205945569,True
127,Knitted27,Knitted,0,42,0,Scaly,187,0.0016326379138711638,False
127,Knitted27,Knitted,0,42,0,Scaly,190,0.0030902346491775787,False
128,Knitted27,Knitted,0,92,0,Knitted,124,0.000318085645880362,True
128,Knitted27,Knitted,0,92,0,Knitted,125,0.00036715791318748625,True
128,Knitted27,Knitted,0,92,0,Knitted,126,0.0004379977205945569,True
128,Knitted27,Knitted,0,92,0,Scaly,187,0.0011404537830185157,False
128,Knitted27,Knitted,0,92,0,Scaly,190,0.002658458074847867,False
129,Lacelike32,Lacelike,0,0,0,Swirly,233,0.003924556503235354,False
129,Lacelike32,Lacelike,0,0,0,Dotted,42,0.00504958705962082,False
129,Lacelike32,Lacelike,0,0,0,Dotted,41,0.005092005680490335,False
129,Lacelike32,Lacelike,0,0,0,Lacelike,137,0.005909689971631208,True
129,Lacelike32,Lacelike,0,0,0,Swirly,229,0.006648194352499064,False
130,Lacelike32,Lacelike,0,182,0,Lacelike,131,0.0002671613871405446,True
130,Lacelike32,Lacelike,0,182,0,Lacelike,137,0.0035866920772830327,True
130,Lacelike32,Lacelike,0,182,0,Lacelike,141,0.0044041226942680735,True
130,Lacelike32,Lacelike,0,182,0,Lacelike,138,0.004761532261508435,True
130,Lacelike32,Lacelike,0,182,0,Swirly,234,0.0047973075660021885,False
131,Lacelike32,Lacelike,0,22,0,Lacelike,137,0.0031287229923830586,True
131,Lacelike32,Lacelike,0,22,0,Swirly,235,0.003762007422923632,False
131,Lacelike32,Lacelike,0,22,0,Lacelike,130,0.004679488835082269,True
131,Lacelike32,Lacelike,0,22,0,Swirly,234,0.00472132208693278,False
131,Lacelike32,Lacelike,0,22,0,Swirly,237,0.004876315536234942,False
132,Lacelike32,Lacelike,0,42,0,Lacelike,130,0.004679488835082269,True
132,Lacelike32,Lacelike,0,42,0,Cracked,30,0.005898938795379812,False
132,Lacelike32,Lacelike,0,42,0,Lacelike,137,0.0059134236969721424,True
132,Lacelike32,Lacelike,0,42,0,Cracked,37,0.00642377675025432,False
132,Lacelike32,Lacelike,0,42,0,Cracked,29,0.006445916292642303,False
133,Lacelike32,Lacelike,0,92,0,Lacelike,129,0.0002671613871405446,True
133,Lacelike32,Lacelike,0,92,0,Lacelike,137,0.003834673123484363,True
133,Lacelike32,Lacelike,0,92,0,Lacelike,141,0.003999476488163832,True
133,Lacelike32,Lacelike,0,92,0,Lacelike,138,0.004307078103575266,True
133,Lacelike32,Lacelike,0,92,0,Swirly,234,0.004947487894722966,False
134,Lacelike33,Lacelike,0,0,0,Flecked,56,0.005520146074049709,False
134,Lacelike33,Lacelike,0,0,0,Matted,143,0.005762779352174631,False
134,Lacelike33,Lacelike,0,0,0,Lacelike,135,0.005769269677813635,True
134,Lacelike33,Lacelike,0,0,0,Matted,144,0.0058894876098277,False
134,Lacelike33,Lacelike,0,0,0,Matted,146,0.0059730694704353375,False
135,Lacelike33,Lacelike,0,182,0,Lacelike,136,0.00012635586874889436,True
135,Lacelike33,Lacelike,0,182,0,Lacelike,134,0.0003887995901598996,True
135,Lacelike33,Lacelike,0,182,0,Lacelike,135,0.0015101889583636222,True
135,Lacelike33,Lacelike,0,182,0,Flecked,58,0.003033034277637771,False
135,Lacelike33,Lacelike,0,182,0,Flecked,57,0.003175412965927275,False
136,Lacelike33,Lacelike,0,22,0,Lacelike,136,0.0003066562856968662,True
136,Lacelike33,Lacelike,0,22,0,Lacelike,134,0.0003887995901598996,True
136,Lacelike33,Lacelike,0,22,0,Lacelike,135,0.000943194068005642,True
136,Lacelike33,Lacelike,0,22,0,Flecked,57,0.002097311306031046,False
136,Lacelike33,Lacelike,0,22,0,Flecked,58,0.00209831392157789,False
137,Lacelike33,Lacelike,0,42,0,Lacelike,135,0.000943194068005642,True
137,Lacelike33,Lacelike,0,42,0,Lacelike,136,0.0015018002822272424,True
137,Lacelike33,Lacelike,0,42,0,Lacelike,134,0.0015101889583636222,True
137,Lacelike33,Lacelike,0,42,0,Flecked,58,0.0016464686974492914,False
137,Lacelike33,Lacelike,0,42,0,Flecked,57,0.0017636125452216898,False
138,Lacelike33,Lacelike,0,92,0,Lacelike,134,0.00012635586874889436,True
138,Lacelike33,Lacelike,0,92,0,Lacelike,135,0.0003066562856968662,True
138,Lacelike33,Lacelike,0,92,0,Lacelike,136,0.0015018002822272424,True
138,Lacelike33,Lacelike,0,92,0,Flecked,58,0.0028312164079108758,False
138,Lacelike33,Lacelike,0,92,0,Flecked,57,0.002907627301224284,False
139,Lacelike36,Lacelike,0,0,0,Lacelike,130,0.0031287229923830586,True
139,Lacelike36,Lacelike,0,0,0,Lacelike,129,0.0035866920772830327,True
139,Lacelike36,Lacelike,0,0,0,Lacelike,132,0.003834673123484363,True
139,Lacelike36,Lacelike,0,0,0,Swirly,236,0.004207493623561454,False
139,Lacelike36,Lacelike,0,0,0,Swirly,235,0.004601846381816406,False
140,Lacelike36,Lacelike,0,182,0,Lacelike,141,0.0003047447173607157,True
140,Lacelike36,Lacelike,0,182,0,Lacelike,139,0.0006054039468407331,True
140,Lacelike36,Lacelike,0,182,0,Lacelike,140,0.001595096807145139,True
140,Lacelike36,Lacelike,0,182,0,Lacelike,132,0.004307078103575266,True
140,Lacelike36,Lacelike,0,182,0,Lacelike,129,0.004761532261508435,True
141,Lacelike36,Lacelike,0,22,0,Lacelike,139,0.0006054039468407331,True
141,Lacelike36,Lacelike,0,22,0,Lacelike,141,0.0007266844276746756,True
141,Lacelike36,Lacelike,0,22,0,Lacelike,140,0.0007712194959470737,True
141,Lacelike36,Lacelike,0,22,0,Lacelike,132,0.005903523794243412,True
141,Lacelike36,Lacelike,0,22,0,Honeycombed,98,0.006300721437697155,False
142,Lacelike36,Lacelike,0,42,0,Lacelike,140,0.0007712194959470737,True
142,Lacelike36,Lacelike,0,42,0,Lacelike,139,0.001595096807145139,True
142,Lacelike36,Lacelike,0,42,0,Lacelike,141,0.0018523294040720016,True
142,Lacelike36,Lacelike,0,42,0,Lacelike,130,0.006794898909655304,True
142,Lacelike36,Lacelike,0,42,0,Lacelike,131,0.00728045537319222,True
143,Lacelike36,Lacelike,0,92,0,Lacelike,139,0.0003047447173607157,True
143,Lacelike36,Lacelike,0,92,0,Lacelike,140,0.0007266844276746756,True
143,Lacelike36,Lacelike,0,92,0,Lacelike,141,0.0018523294040720016,True
143,Lacelike36,Lacelike,0,92,0,Lacelike,132,0.003999476488163832,True
143,Lacelike36,Lacelike,0,92,0,Lacelike,129,0.0044041226942680735,True
144,Matted11,Matted,0,0,0,Matted,147,0.0016158040896323152,True
144,Matted11,Matted,0,0,0,Scaly,186,0.004118425414753689,False
144,Matted11,Matted,0,0,0,Scaly,183,0.004602955021901157,False
144,Matted11,Matted,0,0,0,Studded,228,0.006610482497524143,False
144,Matted11,Matted,0,0,0,Bubbly,15,0.006796606173393814,False
145,Matted11,Matted,0,182,0,Matted,146,0.00020068279949832284,True
145,Matted11,Matted,0,182,0,Matted,144,0.0006016886588010972,True
145,Matted11,Matted,0,182,0,Matted,145,0.0006937331267919771,True
145,Matted11,Matted,0,182,0,Matted,148,0.0014861751828462782,True
145,Matted11,Matted,0,182,0,Matted,151,0.0015563558101544016,True
146,Matted11,Matted,0,22,0,Matted,145,0.000320840163203423,True
146,Matted11,Matted,0,22,0,Matted,146,0.00040739818599506126,True
146,Matted11,Matted,0,22,0,Matted,144,0.0006016886588010972,True
146,Matted11,Matted,0,22,0,Matted,148,0.0014020435888163494,True
146,Matted11,Matted,0,22,0,Matted,151,0.0015468400418309793,True
147,Matted11,Matted,0,42,0,Matted,145,0.000320840163203423,True
147,Matted11,Matted,0,42,0,Matted,146,0.0005992225389030372,True
147,Matted11,Matted,0,42,0,Matted,144,0.0006937331267919771,True
147,Matted11,Matted,0,42,0,Matted,148,0.0016737361164307228,True
147,Matted11,Matted,0,42,0,Matted,150,0.0017051445426134798,True
148,Matted11,Matted,0,92,0,Matted,144,0.00020068279949832284,True
148,Matted11,Matted,0,92,0,Matted,145,0.00040739818599506126,True
148,Matted11,Matted,0,92,0,Matted,146,0.0005992225389030372,True
148,Matted11,Matted,0,92,0,Matted,148,0.0014891773099557043,True
148,Matted11,Matted,0,92,0,Matted,151,0.0016218409146826047,True
149,Matted12,Matted,0,0,0,Matted,143,0.0016158040896323152,True
149,Matted12,Matted,0,0,0,Scaly,186,0.0016775325314009198,False
149,Matted12,Matted,0,0,0,Scaly,183,0.0016955516641789978,False
149,Matted12,Matted,0,0,0,Scaly,184,0.0032011403678022282,False
149,Matted12,Matted,0,0,0,Scaly,185,0.005203664936811145,False
150,Matted12,Matted,0,182,0,Matted,151,0.00029531097633537416,True
150,Matted12,Matted,0,182,0,Matted,149,0.00047879347479610915,True
150,Matted12,Matted,0,182,0,Matted,150,0.0006252662277599326,True
150,Matted12,Matted,0,182,0,Matted,145,0.0014020435888163494,True
150,Matted12,Matted,0,182,0,Matted,144,0.0014861751828462782,True
151,Matted12,Matted,0,22,0,Matted,150,0.00025793395459407307,True
151,Matted12,Matted,0,22,0,Matted,151,0.00044448569693918415,True
151,Matted12,Matted,0,22,0,Matted,149,0.00047879347479610915,True
151,Matted12,Matted,0,22,0,Matted,145,0.0016906151511064053,True
151,Matted12,Matted,0,22,0,Matted,146,0.0018529749310311234,True
152,Matted12,Matted,0,42,0,Matted,150,0.00025793395459407307,True
152,Matted12,Matted,0,42,0,Matted,151,0.0004034024030303766,True
152,Matted12,Matted,0,42,0,Matted,149,0.0006252662277599326,True
152,Matted12,Matted,0,42,0,Matted,146,0.0017051445426134798,True
152,Matted12,Matted,0,42,0,Matted,145,0.0017087152763150624,True
153,Matted12,Matted,0,92,0,Matted,149,0.00029531097633537416,True
153,Matted12,Matted,0,92,0,Matted,151,0.0004034024030303766,True
153,Matted12,Matted,0,92,0,Matted,150,0.00044448569693918415,True
153,Matted12,Matted,0,92,0,Matted,145,0.0015468400418309793,True
153,Matted12,Matted,0,92,0,Matted,144,0.0015563558101544016,True
154,Matted28,Matted,0,0,0,Porous,181,0.0018919807607390491,False
154,Matted28,Matted,0,0,0,Porous,178,0.0023873594855253846,False
154,Matted28,Matted,0,0,0,Porous,179,0.0029827892015505653,False
154,Matted28,Matted,0,0,0,Porous,170,0.0032257367729457793,False
154,Matted28,Matted,0,0,0,Porous,171,0.0032842318258639158,False
155,Matted28,Matted,0,182,0,Matted,156,0.0002767957349824441,True
155,Matted28,Matted,0,182,0,Matted,154,0.00036533883560878707,True
155,Matted28,Matted,0,182,0,Matted,155,0.0005725235984491913,True
155,Matted28,Matted,0,182,0,Bubbly,16,0.0029557408716068562,False
155,Matted28,Matted,0,182,0,Bubbly,19,0.003380237951059563,False
156,Matted28,Matted,0,22,0,Matted,155,0.0003228798964892871,True
156,Matted28,Matted,0,22,0,Matted,154,0.00036533883560878707,True
156,Matted28,Matted,0,22,0,Matted,156,0.000520599688865199,True
156,Matted28,Matted,0,22,0,Bubbly,16,0.003406493844096349,False
156,Matted28,Matted,0,22,0,Wrinkled,271,0.0037240004738671637,False
157,Matted28,Matted,0,42,0,Matted,155,0.0003228798964892871,True
157,Matted28,Matted,0,42,0,Matted,154,0.0005725235984491913,True
157,Matted28,Matted,0,42,0,Matted,156,0.000605237712354657,True
157,Matted28,Matted,0,42,0,Bubbly,16,0.003591180288561575,False
157,Matted28,Matted,0,42,0,Bubbly,18,0.0038441734965452955,False
158,Matted28,Matted,0,92,0,Matted,154,0.0002767957349824441,True
158,Matted28,Matted,0,92,0,Matted,155,0.000520599688865199,True
158,Matted28,Matted,0,92,0,Matted,156,0.000605237712354657,True
158,Matted28,Matted,0,92,0,Bubbly,16,0.00287567483815042,False
158,Matted28,Matted,0,92,0,Bubbly,19,0.0031817931454790308,False
159,Meshed16,Meshed,0,0,0,Meshed,158,0.00429523272511455,True
159,Meshed16,Meshed,0,0,0,Meshed,161,0.004679178079648304,True
159,Meshed16,Meshed,0,0,0,Woven,253,0.008975184943242015,False
159,Meshed16,Meshed,0,0,0,Honeycombed,109,0.009777057122011854,False
159,Meshed16,Meshed,0,0,0,Honeycombed,112,0.009873434254334363,False
160,Meshed16,Meshed,0,182,0,Meshed,161,0.0002677515479690375,True
160,Meshed16,Meshed,0,182,0,Meshed,158,0.00429523272511455,True
160,Meshed16,Meshed,0,182,0,Woven,257,0.007494385753105593,False
160,Meshed16,Meshed,0,182,0,Woven,254,0.007620760631482967,False
160,Meshed16,Meshed,0,182,0,Swirly,238,0.009266352394761,False
161,Meshed16,Meshed,0,22,0,Woven,255,0.007104481963294955,False
161,Meshed16,Meshed,0,22,0,Meshed,161,0.012601693391703597,True
161,Meshed16,Meshed,0,22,0,Meshed,159,0.012805823151971344,True
161,Meshed16,Meshed,0,22,0,Meshed,158,0.018274886208550722,True
161,Meshed16,Meshed,0,22,0,Woven,254,0.01895279766011052,False
162,Meshed16,Meshed,0,42,0,Knitted,125,0.00774062079782331,False
162,Meshed16,Meshed,0,42,0,Knitted,126,0.008136740351798082,False
162,Meshed16,Meshed,0,42,0,Knitted,124,0.008372671647029085,False
162,Meshed16,Meshed,0,42,0,Knitted,127,0.00878730952308823,False
162,Meshed16,Meshed,0,42,0,Woven,256,0.009864976756357367,False
163,Meshed16,Meshed,0,92,0,Meshed,159,0.0002677515479690375,True
163,Meshed16,Meshed,0,92,0,Meshed,158,0.004679178079648304,True
163,Meshed16,Meshed,0,92,0,Woven,257,0.00792015003526896,False
163,Meshed16,Meshed,0,92,0,Woven,254,0.008087357055457711,False
163,Meshed16,Meshed,0,92,0,Swirly,238,0.009822112904120392,False
164,Meshed39,Meshed,0,0,0,Swirly,233,0.004880754017063708,False
164,Meshed39,Meshed,0,0,0,Swirly,232,0.0058325769090436476,False
164,Meshed39,Meshed,0,0,0,Swirly,229,0.006019198149842719,False
164,Meshed39,Meshed,0,0,0,Stratified,209,0.0065983603661239525,False
164,Meshed39,Meshed,0,0,0,Swirly,230,0.007048857463105129,False
165,Meshed39,Meshed,0,182,0,Meshed,166,0.0002759825444794522,True
165,Meshed39,Meshed,0,182,0,Meshed,164,0.0016590979941112527,True
165,Meshed39,Meshed,0,182,0,Meshed,165,0.002156855362693865,True
165,Meshed39,Meshed,0,182,0,Swirly,235,0.005074282874662626,False
165,Meshed39,Meshed,0,182,0,Swirly,236,0.005298915427386444,False
166,Meshed39,Meshed,0,22,0,Meshed,165,0.000992437154007851,True
166,Meshed39,Meshed,0,22,0,Meshed,166,0.0015586599536459634,True
166,Meshed39,Meshed,0,22,0,Meshed,164,0.0016590979941112527,True
166,Meshed39,Meshed,0,22,0,Cracked,37,0.0035380825163129352,False
166,Meshed39,Meshed,0,22,0,Swirly,235,0.003859437601927559,False
167,Meshed39,Meshed,0,42,0,Meshed,165,0.000992437154007851,True
167,Meshed39,Meshed,0,42,0,Meshed,166,0.0019149816744047346,True
167,Meshed39,Meshed,0,42,0,Meshed,164,0.002156855362693865,True
167,Meshed39,Meshed,0,42,0,Swirly,236,0.002889630694293358,False
167,Meshed39,Meshed,0,42,0,Swirly,234,0.00325874166105664,False
168,Meshed39,Meshed,0,92,0,Meshed,164,0.0002759825444794522,True
168,Meshed39,Meshed,0,92,0,Meshed,165,0.0015586599536459634,True
168,Meshed39,Meshed,0,92,0,Meshed,166,0.0019149816744047346,True
168,Meshed39,Meshed,0,92,0,Swirly,235,0.0050109562489251275,False
168,Meshed39,Meshed,0,92,0,Swirly,236,0.0053236558501313066,False
169,Porous13,Porous,0,0,0,Woven,268,0.0016134715799110807,False
169,Porous13,Porous,0,0,0,Knitted,121,0.0019757583076279992,False
169,Porous13,Porous,0,0,0,Knitted,122,0.00210005350497443,False
169,Porous13,Porous,0,0,0,Knitted,119,0.0021050993591140267,False
169,Porous13,Porous,0,0,0,Knitted,120,0.002238990047808858,False
170,Porous13,Porous,0,182,0,Porous,171,0.000211835715343042,True
170,Porous13,Porous,0,182,0,Porous,169,0.0005067938604155587,True
170,Porous13,Porous,0,182,0,Porous,170,0.0005993788210853667,True
170,Porous13,Porous,0,182,0,Porous,180,0.0012888315618235203,True
170,Porous13,Porous,0,182,0,Porous,179,0.0013419959329811647,True
171,Porous13,Porous,0,22,0,Porous,171,0.0004789401107011552,True
171,Porous13,Porous,0,22,0,Porous,169,0.0005067938604155587,True
171,Porous13,Porous,0,22,0,Porous,170,0.0005134920200312683,True
171,Porous13,Porous,0,22,0,Porous,180,0.0011356330476994187,True
171,Porous13,Porous,0,22,0,Porous,179,0.001305148726976559,True
172,Porous13,Porous,0,42,0,Porous,170,0.0005134920200312683,True
172,Porous13,Porous,0,42,0,Porous,169,0.0005993788210853667,True
172,Porous13,Porous,0,42,0,Porous,171,0.0006323396473315431,True
172,Porous13,Porous,0,42,0,Porous,180,0.0015068131192843579,True
172,Porous13,Porous,0,42,0,Porous,179,0.0016010041268921026,True
173,Porous13,Porous,0,92,0,Porous,169,0.000211835715343042,True
173,Porous13,Porous,0,92,0,Porous,170,0.0004789401107011552,True
173,Porous13,Porous,0,92,0,Porous,171,0.0006323396473315431,True
173,Porous13,Porous,0,92,0,Porous,179,0.0010839211206475627,True
173,Porous13,Porous,0,92,0,Porous,180,0.0011637332311902348,True
174,Porous21,Porous,0,0,0,Matted,149,0.002162765500702933,False
174,Porous21,Porous,0,0,0,Matted,152,0.0021768999504721068,False
174,Porous21,Porous,0,0,0,Matted,150,0.002335623144585093,False
174,Porous21,Porous,0,0,0,Matted,151,0.002526382131374685,False
174,Porous21,Porous,0,0,0,Porous,168,0.0026425725947730756,True
175,Porous21,Porous,0,182,0,Porous,176,0.0002503719720420796,True
175,Porous21,Porous,0,182,0,Porous,174,0.0008880639762632169,True
175,Porous21,Porous,0,182,0,Porous,169,0.001874792609840626,True
175,Porous21,Porous,0,182,0,Porous,170,0.00204970733981779,True
175,Porous21,Porous,0,182,0,Porous,172,0.002060276294871677,True
176,Porous21,Porous,0,22,0,Porous,174,0.0008880639762632169,True
176,Porous21,Porous,0,22,0,Porous,175,0.0009748425831711147,True
176,Porous21,Porous,0,22,0,Porous,176,0.0011943101767200514,True
176,Porous21,Porous,0,22,0,Knitted,122,0.0014818472123653455,False
176,Porous21,Porous,0,22,0,Knitted,119,0.0018143608655388005,False
177,Porous21,Porous,0,42,0,Porous,175,0.0009748425831711147,True
177,Porous21,Porous,0,42,0,Knitted,122,0.0017924182812741557,False
177,Porous21,Porous,0,42,0,Knitted,119,0.0020116746237044216,False
177,Porous21,Porous,0,42,0,Flecked,60,0.002079789056144716,False
177,Porous21,Porous,0,42,0,Flecked,65,0.002234269692914817,False
178,Porous21,Porous,0,92,0,Porous,174,0.0002503719720420796,True
178,Porous21,Porous,0,92,0,Porous,175,0.0011943101767200514,True
178,Porous21,Porous,0,92,0,Porous,169,0.0018326497554061957,True
178,Porous21,Porous,0,92,0,Porous,178,0.0018663049586010393,True
178,Porous21,Porous,0,92,0,Porous,172,0.0019908222730869144,True
179,Porous28,Porous,0,0,0,Knitted,122,0.0018762864927974274,False
179,Porous28,Porous,0,0,0,Knitted,120,0.0019419049610679587,False
179,Porous28,Porous,0,0,0,Knitted,119,0.0020168424960597016,False
179,Porous28,Porous,0,0,0,Knitted,121,0.0024821942390579562,False
179,Porous28,Porous,0,0,0,Porous,168,0.002699674095705216,True
180,Porous28,Porous,0,182,0,Porous,181,0.00019626783221300437,True
180,Porous28,Porous,0,182,0,Porous,179,0.0008277831658547636,True
180,Porous28,Porous,0,182,0,Porous,180,0.0010799601454110385,True
180,Porous28,Porous,0,182,0,Porous,172,0.0014932229553671307,True
180,Porous28,Porous,0,182,0,Porous,169,0.001591274571064424,True
181,Porous28,Porous,0,22,0,Porous,180,0.00033936746711379733,True
181,Porous28,Porous,0,22,0,Porous,181,0.0007074258062557494,True
181,Porous28,Porous,0,22,0,Porous,179,0.0008277831658547636,True
181,Porous28,Porous,0,22,0,Porous,172,0.0010839211206475627,True
181,Porous28,Porous,0,22,0,Flecked,63,0.0011748118884795516,False
182,Porous28,Porous,0,42,0,Porous,180,0.00033936746711379733,True
182,Porous28,Porous,0,42,0,Porous,179,0.0010799601454110385,True
182,Porous28,Porous,0,42,0,Porous,181,0.0011213299701914716,True
182,Porous28,Porous,0,42,0,Porous,170,0.0011356330476994187,True
182,Porous28,Porous,0,42,0,Porous,172,0.0011637332311902348,True
183,Porous28,Porous,0,92,0,Porous,179,0.00019626783221300437,True
183,Porous28,Porous,0,92,0,Porous,180,0.0007074258062557494,True
183,Porous28,Porous,0,92,0,Porous,181,0.0011213299701914716,True
183,Porous28,Porous,0,92,0,Porous,172,0.001303160842778885,True
183,Porous28,Porous,0,92,0,Porous,169,0.00154700699706874,True
184,Scaly16,Scaly,0,0,0,Scaly,184,0.015537361943768674,True
184,Scaly16,Scaly,0,0,0,Scaly,183,0.018104866574108796,True
184,Scaly16,Scaly,0,0,0,Scaly,186,0.01922019649017768,True
184,Scaly16,Scaly,0,0,0,Scaly,185,0.02019197641896029,True
184,Scaly16,Scaly,0,0,0,Dotted,44,0.022768870178646594,False
185,Scaly16,Scaly,0,182,0,Scaly,186,0.00028422670050164193,True
185,Scaly16,Scaly,0,182,0,Scaly,184,0.0011795460127750096,True
185,Scaly16,Scaly,0,182,0,Matted,148,0.0016955516641789978,False
185,Scaly16,Scaly,0,182,0,Scaly,185,0.0039677292751574824,True
185,Scaly16,Scaly,0,182,0,Matted,143,0.004602955021901157,False
186,Scaly16,Scaly,0,22,0,Scaly,184,0.0011795460127750096,True
186,Scaly16,Scaly,0,22,0,Scaly,186,0.0012092019024532588,True
186,Scaly16,Scaly,0,22,0,Scaly,185,0.0021082224120070707,True
186,Scaly16,Scaly,0,22,0,Matted,148,0.0032011403678022282,False
186,Scaly16,Scaly,0,22,0,Matted,143,0.006801065495327683,False
187,Scaly16,Scaly,0,42,0,Scaly,185,0.0021082224120070707,True
187,Scaly16,Scaly,0,42,0,Scaly,184,0.0039677292751574824,True
187,Scaly16,Scaly,0,42,0,Scaly,186,0.004231268281803051,True
187,Scaly16,Scaly,0,42,0,Matted,148,0.005203664936811145,False
187,Scaly16,Scaly,0,42,0,Matted,143,0.008704454074577726,False
188,Scaly16,Scaly,0,92,0,Scaly,184,0.00028422670050164193,True
188,Scaly16,Scaly,0,92,0,Scaly,185,0.0012092019024532588,True
188,Scaly16,Scaly,0,92,0,Matted,148,0.0016775325314009198,False
188,Scaly16,Scaly,0,92,0,Matted,143,0.004118425414753689,False
188,Scaly16,Scaly,0,92,0,Scaly,186,0.004231268281803051,True
189,Scaly17,Scaly,0,0,0,Scaly,191,0.0009664924256742938,True
189,Scaly17,Scaly,0,0,0,Scaly,190,0.0010547921669136799,True
189,Scaly17,Scaly,0,0,0,Knitted,127,0.0011404537830185157,False
189,Scaly17,Scaly,0,0,0,Scaly,189,0.001220475518903378,True
189,Scaly17,Scaly,0,0,0,Scaly,188,0.001221010385980929,True
190,Scaly17,Scaly,0,182,0,Scaly,191,0.00017538483424157437,True
190,Scaly17,Scaly,0,182,0,Scaly,189,0.00037354441969901476,True
190,Scaly17,Scaly,0,182,0,Scaly,190,0.0008570668052059879,True
190,Scaly17,Scaly,0,182,0,Scaly,188,0.001221010385980929,True
190,Scaly17,Scaly,0,182,0,Knitted,127,0.0033599614800259663,False
191,Scaly17,Scaly,0,22,0,Scaly,191,0.00027269615311891735,True
191,Scaly17,Scaly,0,22,0,Scaly,189,0.00037354441969901476,True
191,Scaly17,Scaly,0,22,0,Scaly,190,0.0006896663517242003,True
191,Scaly17,Scaly,0,22,0,Scaly,188,0.001220475518903378,True
191,Scaly17,Scaly,0,22,0,Knitted,127,0.0029868927347823306,False
192,Scaly17,Scaly,0,42,0,Scaly,190,0.0006896663517242003,True
192,Scaly17,Scaly,0,42,0,Scaly,191,0.0007896643335091917,True
192,Scaly17,Scaly,0,42,0,Scaly,189,0.0008570668052059879,True
192,Scaly17,Scaly,0,42,0,Scaly,188,0.0010547921669136799,True
192,Scaly17,Scaly,0,42,0,Knitted,127,0.002658458074847867,False
193,Scaly17,Scaly,0,92,0,Scaly,189,0.00017538483424157437,True
193,Scaly17,Scaly,0,92,0,Scaly,190,0.00027269615311891735,True
193,Scaly17,Scaly,0,92,0,Scaly,191,0.0007896643335091917,True
193,Scaly17,Scaly,0,92,0,Scaly,188,0.0009664924256742938,True
193,Scaly17,Scaly,0,92,0,Knitted,127,0.0027608300108468153,False
194,Scaly25,Scaly,0,0,0,Scaly,196,0.0009376284333715156,True
194,Scaly25,Scaly,0,0,0,Scaly,194,0.0010704950436814607,True
194,Scaly25,Scaly,0,0,0,Scaly,193,0.0013239380051201437,True
194,Scaly25,Scaly,0,0,0,Scaly,195,0.0016308554021160025,True
194,Scaly25,Scaly,0,0,0,Wrinkled,276,0.003353640190863605,False
195,Scaly25,Scaly,0,182,0,Scaly,196,0.00029453916118515514,True
195,Scaly25,Scaly,0,182,0,Scaly,194,0.00039643221512098787,True
195,Scaly25,Scaly,0,182,0,Scaly,195,0.0011414764488312944,True
195,Scaly25,Scaly,0,182,0,Scaly,193,0.0013239380051201437,True
195,Scaly25,Scaly,0,182,0,Wrinkled,276,0.003994033414826264,False
196,Scaly25,Scaly,0,22,0,Scaly,196,0.00032859486483300705,True
196,Scaly25,Scaly,0,22,0,Scaly,194,0.00039643221512098787,True
196,Scaly25,Scaly,0,22,0,Scaly,195,0.0008351182926925769,True
196,Scaly25,Scaly,0,22,0,Scaly,193,0.0010704950436814607,True
196,Scaly25,Scaly,0,22,0,Wrinkled,276,0.0037663795045118683,False
197,Scaly25,Scaly,0,42,0,Scaly,195,0.0008351182926925769,True
197,Scaly25,Scaly,0,42,0,Scaly,196,0.0011407824461845129,True
197,Scaly25,Scaly,0,42,0,Scaly,194,0.0011414764488312944,True
197,Scaly25,Scaly,0,42,0,Scaly,193,0.0016308554021160025,True
197,Scaly25,Scaly,0,42,0,Wrinkled,275,0.0030604741007805632,False
198,Scaly25,Scaly,0,92,0,Scaly,194,0.00029453916118515514,True
198,Scaly25,Scaly,0,92,0,Scaly,195,0.00032859486483300705,True
198,Scaly25,Scaly,0,92,0,Scaly,193,0.0009376284333715156,True
198,Scaly25,Scaly,0,92,0,Scaly,196,0.0011407824461845129,True
198,Scaly25,Scaly,0,92,0,Wrinkled,276,0.00393739604092053,False
199,Stratified16,Stratified,0,0,0,Stratified,198,0.009330835398246431,True
199,Stratified16,Stratified,0,0,0,Stratified,201,0.009722477958697831,True
199,Stratified16,Stratified,0,0,0,Stratified,202,0.03693327558820384,True
199,Stratified16,Stratified,0,0,0,Waffled,248,0.0381220466440878,False
199,Stratified16,Stratified,0,0,0,Banded,10,0.041988466516569053,False
200,Stratified16,Stratified,0,182,0,Stratified,201,0.00027023187306615313,True
200,Stratified16,Stratified,0,182,0,Stratified,198,0.009330835398246431,True
200,Stratified16,Stratified,0,182,0,Stratified,203,0.025283321491965785,True
200,Stratified16,Stratified,0,182,0,Stratified,206,0.026157709252993804,True
200,Stratified16,Stratified,0,182,0,Banded,10,0.02945896467574313,False
201,Stratified16,Stratified,0,22,0,Banded,8,0.005988094953997645,False
201,Stratified16,Stratified,0,22,0,Stratified,204,0.00752720673300313,True
201,Stratified16,Stratified,0,22,0,Waffled,245,0.01220413589339469,False
201,Stratified16,Stratified,0,22,0,Meshed,164,0.012943836733271555,False
201,Stratified16,Stratified,0,22,0,Meshed,167,0.013574552947330164,False
202,Stratified16,Stratified,0,42,0,Stratified,205,0.005553284054100199,True
202,Stratified16,Stratified,0,42,0,Cracked,33,0.008744557334225255,False
202,Stratified16,Stratified,0,42,0,Cracked,38,0.008893080210098821,False
202,Stratified16,Stratified,0,42,0,Cracked,34,0.009365864384100444,False
202,Stratified16,Stratified,0,42,0,Wrinkled,271,0.009682284528844025,False
203,Stratified16,Stratified,0,92,0,Stratified,199,0.00027023187306615313,True
203,Stratified16,Stratified,0,92,0,Stratified,198,0.009722477958697831,True
203,Stratified16,Stratified,0,92,0,Stratified,203,0.025185254331523462,True
203,Stratified16,Stratified,0,92,0,Stratified,206,0.025925115576361873,True
203,Stratified16,Stratified,0,92,0,Banded,10,0.029354630962587502,False
204,Stratified21,Stratified,0,0,0,Stratified,203,0.00983613869610216,True
204,Stratified21,Stratified,0,0,0,Stratified,206,0.011781598279298235,True
204,Stratified21,Stratified,0,0,0,Banded,3,0.02510163852876,False
204,Stratified21,Stratified,0,0,0,Banded,0,0.025292107679802507,False
204,Stratified21,Stratified,0,0,0,Waffled,247,0.02695354489914524,False
205,Stratified21,Stratified,0,182,0,Stratified,206,0.00029828991244705604,True
205,Stratified21,Stratified,0,182,0,Stratified,203,0.00983613869610216,True
205,Stratified21,Stratified,0,182,0,Stratified,202,0.025185254331523462,True
205,Stratified21,Stratified,0,182,0,Stratified,199,0.025283321491965785,True
205,Stratified21,Stratified,0,182,0,Waffled,247,0.03434078714346519,False
206,Stratified21,Stratified,0,22,0,Stratified,200,0.00752720673300313,True
206,Stratified21,Stratified,0,22,0,Banded,8,0.013406950382166657,False
206,Stratified21,Stratified,0,22,0,Waffled,245,0.016938199116812346,False
206,Stratified21,Stratified,0,22,0,Honeycombed,101,0.02042708373528897,False
206,Stratified21,Stratified,0,22,0,Honeycombed,102,0.020833659759683498,False
207,Stratified21,Stratified,0,42,0,Stratified,201,0.005553284054100199,True
207,Stratified21,Stratified,0,42,0,Honeycombed,108,0.010242759773087574,False
207,Stratified21,Stratified,0,42,0,Honeycombed,106,0.010930498021601929,False
207,Stratified21,Stratified,0,42,0,Frilly,70,0.011623501478650416,False
207,Stratified21,Stratified,0,42,0,Honeycombed,103,0.012329197860496981,False
208,Stratified21,Stratified,0,92,0,Stratified,204,0.00029828991244705604,True
208,Stratified21,Stratified,0,92,0,Stratified,203,0.011781598279298235,True
208,Stratified21,Stratified,0,92,0,Stratified,202,0.025925115576361873,True
208,Stratified21,Stratified,0,92,0,Stratified,199,0.026157709252993804,True
208,Stratified21,Stratified,0,92,0,Waffled,247,0.03613465134440828,False
209,Stratified30,Stratified,0,0,0,Studded,228,0.00937082667471298,False
209,Stratified30,Stratified,0,0,0,Bubbly,15,0.011225756882974764,False
209,Stratified30,Stratified,0,0,0,Bubbly,12,0.012086355059004019,False
209,Stratified30,Stratified,0,0,0,Cracked,36,0.013403184501574074,False
209,Stratified30,Stratified,0,0,0,Knitted,118,0.01682868349721444,False
210,Stratified30,Stratified,0,182,0,Stratified,211,0.00012501784139188385,True
210,Stratified30,Stratified,0,182,0,Lacelike,128,0.007252142894525089,False
210,Stratified30,Stratified,0,182,0,Flecked,64,0.00825165813064557,False
210,Stratified30,Stratified,0,182,0,Swirly,233,0.008374549693118157,False
210,Stratified30,Stratified,0,182,0,Swirly,231,0.00878861285157244,False
211,Stratified30,Stratified,0,22,0,Cracked,31,0.00493624375023982,False
211,Stratified30,Stratified,0,22,0,Flecked,67,0.0051257156982095434,False
211,Stratified30,Stratified,0,22,0,Swirly,229,0.005217285875027714,False
211,Stratified30,Stratified,0,22,0,Flecked,64,0.00538698473483099,False
211,Stratified30,Stratified,0,22,0,Swirly,232,0.0054512389388773844,False
212,Stratified30,Stratified,0,42,0,Cracked,31,0.006766247541193803,False
212,Stratified30,Stratified,0,42,0,Cracked,28,0.007663753067966768,False
212,Stratified30,Stratified,0,42,0,Cracked,36,0.007672638430800618,False
212,Stratified30,Stratified,0,42,0,Knitted,118,0.008165106318167959,False
212,Stratified30,Stratified,0,42,0,Stratified,210,0.008274923742588305,True
213,Stratified30,Stratified,0,92,0,Stratified,209,0.00012501784139188385,True
213,Stratified30,Stratified,0,92,0,Lacelike,128,0.007094684687298402,False
213,Stratified30,Stratified,0,92,0,Flecked,64,0.008195162009323286,False
213,Stratified30,Stratified,0,92,0,Swirly,233,0.00835193397391563,False
213,Stratified30,Stratified,0,92,0,Swirly,231,0.008700133684562126,False
214,Striped15,Striped,0,0,0,Frilly,71,0.006228563785182508,False
214,Striped15,Striped,0,0,0,Frilly,68,0.006851843196490562,False
214,Striped15,Striped,0,0,0,Honeycombed,108,0.009238184534024122,False
214,Striped15,Striped,0,0,0,Cracked,38,0.009766208423067503,False
214,Striped15,Striped,0,0,0,Honeycombed,98,0.009895068110998252,False
215,Striped7,Striped,0,0,0,Striped,217,0.00142833794504855,True
215,Striped7,Striped,0,0,0,Striped,214,0.0014679184662825444,True
215,Striped7,Striped,0,0,0,Striped,215,0.0015668997831152411,True
215,Striped7,Striped,0,0,0,Striped,216,0.002685850265100363,True
215,Striped7,Striped,0,0,0,Banded,5,0.018035009943610514,False
216,Striped7,Striped,0,182,0,Striped,217,0.00047796677529907757,True
216,Striped7,Striped,0,182,0,Striped,215,0.0008026053422541538,True
216,Striped7,Striped,0,182,0,Striped,214,0.0014679184662825444,True
216,Striped7,Striped,0,182,0,Striped,216,0.0032334698014893524,True
216,Striped7,Striped,0,182,0,Banded,5,0.023784800519690313,False
217,Striped7,Striped,0,22,0,Striped,215,0.0008026053422541538,True
217,Striped7,Striped,0,22,0,Striped,217,0.0009847419414219165,True
217,Striped7,Striped,0,22,0,Striped,214,0.0015668997831152411,True
217,Striped7,Striped,0,22,0,Striped,216,0.002018582219768299,True
217,Striped7,Striped,0,22,0,Banded,5,0.02493001601433355,False
218,Striped7,Striped,0,42,0,Striped,216,0.002018582219768299,True
218,Striped7,Striped,0,42,0,Striped,214,0.002685850265100363,True
218,Striped7,Striped,0,42,0,Striped,215,0.0032334698014893524,True
218,Striped7,Striped,0,42,0,Striped,217,0.003617310387565982,True
218,Striped7,Striped,0,42,0,Banded,5,0.024963117031668088,False
219,Striped7,Striped,0,92,0,Striped,215,0.00047796677529907757,True
219,Striped7,Striped,0,92,0,Striped,216,0.0009847419414219165,True
219,Striped7,Striped,0,92,0,Striped,214,0.00142833794504855,True
219,Striped7,Striped,0,92,0,Striped,217,0.003617310387565982,True
219,Striped7,Striped,0,92,0,Banded,5,0.02138555011248665,False
220,Studded22,Studded,0,0,0,Dotted,53,0.001575267875440106,False
220,Studded22,Studded,0,0,0,Dotted,46,0.0025333172791211027,False
220,Studded22,Studded,0,0,0,Porous,178,0.003554734162365812,False
220,Studded22,Studded,0,0,0,Dotted,45,0.0037388930000266593,False
220,Studded22,Studded,0,0,0,Woven,268,0.003746190532062885,False
221,Studded22,Studded,0,182,0,Studded,220,0.00020267437087056288,True
221,Studded22,Studded,0,182,0,Studded,222,0.00020289612848575802,True
221,Studded22,Studded,0,182,0,Studded,221,0.0003600792762474389,True
221,Studded22,Studded,0,182,0,Matted,153,0.003951319286627769,False
221,Studded22,Studded,0,182,0,Dotted,45,0.004319854354514252,False
222,Studded22,Studded,0,22,0,Studded,220,0.00020267437087056288,True
222,Studded22,Studded,0,22,0,Studded,221,0.000276741336518858,True
222,Studded22,Studded,0,22,0,Studded,222,0.0003211017816618148,True
222,Studded22,Studded,0,22,0,Matted,153,0.004040501465127681,False
222,Studded22,Studded,0,22,0,Dotted,45,0.00472932715217545,False
223,Studded22,Studded,0,42,0,Studded,221,0.000276741336518858,True
223,Studded22,Studded,0,42,0,Studded,220,0.0003600792762474389,True
223,Studded22,Studded,0,42,0,Studded,222,0.0005144399814135596,True
223,Studded22,Studded,0,42,0,Matted,153,0.0033388656409316948,False
223,Studded22,Studded,0,42,0,Cracked,30,0.004431092276709965,False
224,Studded22,Studded,0,92,0,Studded,220,0.00020289612848575802,True
224,Studded22,Studded,0,92,0,Studded,221,0.0003211017816618148,True
224,Studded22,Studded,0,92,0,Studded,222,0.0005144399814135596,True
224,Studded22,Studded,0,92,0,Matted,153,0.0039937460682397405,False
224,Studded22,Studded,0,92,0,Dotted,45,0.003999233440802145,False
225,Studded2,Studded,0,0,0,Frilly,72,0.0023542144959886086,False
225,Studded2,Studded,0,0,0,Frilly,74,0.002928053226634617,False
225,Studded2,Studded,0,0,0,Studded,227,0.003469670204764592,True
225,Studded2,Studded,0,0,0,Studded,224,0.0036878279680314526,True
225,Studded2,Studded,0,0,0,Studded,225,0.004229250122731506,True
226,Studded2,Studded,0,182,0,Studded,225,0.00013445293955860897,True
226,Studded2,Studded,0,182,0,Studded,227,0.0002327321989805048,True
226,Studded2,Studded,0,182,0,Studded,226,0.00037667604202162695,True
226,Studded2,Studded,0,182,0,Frilly,76,0.0017121181951983424,False
226,Studded2,Studded,0,182,0,Dotted,48,0.00239981385289362,False
227,Studded2,Studded,0,22,0,Studded,225,0.00013445293955860897,True
227,Studded2,Studded,0,22,0,Studded,227,0.00022510874602849035,True
227,Studded2,Studded,0,22,0,Studded,226,0.0004021532748399368,True
227,Studded2,Studded,0,22,0,Frilly,76,0.001608588797488615,False
227,Studded2,Studded,0,22,0,Dotted,50,0.0023570266285296536,False
228,Studded2,Studded,0,42,0,Studded,225,0.00037667604202162695,True
228,Studded2,Studded,0,42,0,Studded,226,0.0004021532748399368,True
228,Studded2,Studded,0,42,0,Studded,227,0.0005150999031290879,True
228,Studded2,Studded,0,42,0,Frilly,76,0.001378533960582525,False
228,Studded2,Studded,0,42,0,Frilly,77,0.0019093188331193972,False
229,Studded2,Studded,0,92,0,Studded,226,0.00022510874602849035,True
229,Studded2,Studded,0,92,0,Studded,225,0.0002327321989805048,True
229,Studded2,Studded,0,92,0,Studded,227,0.0005150999031290879,True
229,Studded2,Studded,0,92,0,Frilly,76,0.001519346057737161,False
229,Studded2,Studded,0,92,0,Frilly,77,0.002751793392842935,False
230,Swirly30,Swirly,0,0,0,Bubbly,15,0.0024168974248088516,False
230,Swirly30,Swirly,0,0,0,Bubbly,12,0.0026040301935148047,False
230,Swirly30,Swirly,0,0,0,Cracked,36,0.006050621048705505,False
230,Swirly30,Swirly,0,0,0,Matted,143,0.006610482497524143,False
230,Swirly30,Swirly,0,0,0,Stratified,208,0.00937082667471298,False
231,Swirly30,Swirly,0,182,0,Swirly,232,0.00023066416990754742,True
231,Swirly30,Swirly,0,182,0,Swirly,230,0.0004145011936341522,True
231,Swirly30,Swirly,0,182,0,Swirly,231,0.00046137395305902894,True
231,Swirly30,Swirly,0,182,0,Bubbly,13,0.00182537651035197,False
231,Swirly30,Swirly,0,182,0,Cracked,31,0.001826179242512609,False
232,Swirly30,Swirly,0,22,0,Swirly,232,0.0003266217014775172,True
232,Swirly30,Swirly,0,22,0,Swirly,231,0.000395996380100079,True
232,Swirly30,Swirly,0,22,0,Swirly,230,0.0004145011936341522,True
232,Swirly30,Swirly,0,22,0,Bubbly,14,0.0019076900213272905,False
232,Swirly30,Swirly,0,22,0,Bubbly,13,0.0020096577524638865,False
233,Swirly30,Swirly,0,42,0,Swirly,231,0.000395996380100079,True
233,Swirly30,Swirly,0,42,0,Swirly,230,0.00046137395305902894,True
233,Swirly30,Swirly,0,42,0,Swirly,232,0.0005071938203903576,True
233,Swirly30,Swirly,0,42,0,Bubbly,14,0.0019120550784465216,False
233,Swirly30,Swirly,0,42,0,Bubbly,13,0.0021928928845585545,False
234,Swirly30,Swirly,0,92,0,Swirly,230,0.00023066416990754742,True
234,Swirly30,Swirly,0,92,0,Swirly,231,0.0003266217014775172,True
234,Swirly30,Swirly,0,92,0,Swirly,232,0.0005071938203903576,True
234,Swirly30,Swirly,0,92,0,Bubbly,13,0.0017208269242663223,False
234,Swirly30,Swirly,0,92,0,Bubbly,14,0.0018178868315559301,False
235,Swirly32,Swirly,0,0,0,Lacelike,128,0.003924556503235354,False
235,Swirly32,Swirly,0,0,0,Dotted,41,0.0042251991285477755,False
235,Swirly32,Swirly,0,0,0,Swirly,234,0.004294258272381974,True
235,Swirly32,Swirly,0,0,0,Swirly,237,0.004359297381848941,True
235,Swirly32,Swirly,0,0,0,Dotted,42,0.004406441548291875,False
236,Swirly32,Swirly,0,182,0,Swirly,237,0.00018533926841810572,True
236,Swirly32,Swirly,0,182,0,Swirly,235,0.0008028907235874865,True
236,Swirly32,Swirly,0,182,0,Swirly,236,0.0008431280907692163,True
236,Swirly32,Swirly,0,182,0,Meshed,166,0.00325874166105664,False
236,Swirly32,Swirly,0,182,0,Swirly,234,0.004294258272381974,True
237,Swirly32,Swirly,0,22,0,Swirly,236,0.0006096942977305332,True
237,Swirly32,Swirly,0,22,0,Swirly,237,0.0006912892935032214,True
237,Swirly32,Swirly,0,22,0,Swirly,235,0.0008028907235874865,True
237,Swirly32,Swirly,0,22,0,Meshed,166,0.0037240392698204374,False
237,Swirly32,Swirly,0,22,0,Lacelike,130,0.003762007422923632,False
238,Swirly32,Swirly,0,42,0,Swirly,236,0.0006096942977305332,True
238,Swirly32,Swirly,0,42,0,Swirly,237,0.0008051713667982529,True
238,Swirly32,Swirly,0,42,0,Swirly,235,0.0008431280907692163,True
238,Swirly32,Swirly,0,42,0,Meshed,166,0.002889630694293358,False
238,Swirly32,Swirly,0,42,0,Meshed,165,0.0038923579847435696,False
239,Swirly32,Swirly,0,92,0,Swirly,235,0.00018533926841810572,True
239,Swirly32,Swirly,0,92,0,Swirly,236,0.0006912892935032214,True
239,Swirly32,Swirly,0,92,0,Swirly,237,0.0008051713667982529,True
239,Swirly32,Swirly,0,92,0,Meshed,166,0.0034126839073939214,False
239,Swirly32,Swirly,0,92,0,Meshed,165,0.004342719836299839,False
240,Waffled22,Waffled,0,0,0,Waffled,241,0.0007372095042156556,True
240,Waffled22,Waffled,0,0,0,Waffled,242,0.0010261885765068296,True
240,Waffled22,Waffled,0,0,0,Waffled,239,0.0010678766886029203,True
240,Waffled22,Waffled,0,0,0,Waffled,240,0.0012939204678742964,True
240,Waffled22,Waffled,0,0,0,Scaly,190,0.0034490194621290358,False
241,Waffled22,Waffled,0,182,0,Waffled,242,0.00017830008240683605,True
241,Waffled22,Waffled,0,182,0,Waffled,240,0.00037335603300493037,True
241,Waffled22,Waffled,0,182,0,Waffled,241,0.0005600588679698709,True
241,Waffled22,Waffled,0,182,0,Waffled,239,0.0010678766886029203,True
241,Waffled22,Waffled,0,182,0,Scaly,190,0.005125684994598574,False
242,Waffled22,Waffled,0,22,0,Waffled,242,0.00035288052193655346,True
242,Waffled22,Waffled,0,22,0,Waffled,240,0.00037335603300493037,True
242,Waffled22,Waffled,0,22,0,Waffled,241,0.0004528159156018381,True
242,Waffled22,Waffled,0,22,0,Waffled,239,0.0012939204678742964,True
242,Waffled22,Waffled,0,22,0,Scaly,190,0.0063262578635637475,False
243,Waffled22,Waffled,0,42,0,Waffled,241,0.0004528159156018381,True
243,Waffled22,Waffled,0,42,0,Waffled,240,0.0005600588679698709,True
243,Waffled22,Waffled,0,42,0,Waffled,242,0.0005629974093015222,True
243,Waffled22,Waffled,0,42,0,Waffled,239,0.0007372095042156556,True
243,Waffled22,Waffled,0,42,0,Scaly,190,0.0052384051243047946,False
244,Waffled22,Waffled,0,92,0,Waffled,240,0.00017830008240683605,True
244,Waffled22,Waffled,0,92,0,Waffled,241,0.00035288052193655346,True
244,Waffled22,Waffled,0,92,0,Waffled,242,0.0005629974093015222,True
244,Waffled22,Waffled,0,92,0,Waffled,239,0.0010261885765068296,True
244,Waffled22,Waffled,0,92,0,Scaly,190,0.004962816191270147,False
245,Waffled7,Waffled,0,0,0,Waffled,244,0.03367392954740087,True
245,Waffled7,Waffled,0,0,0,Waffled,247,0.03691737900792163,True
245,Waffled7,Waffled,0,0,0,Grid,83,0.045667387925493255,False
245,Waffled7,Waffled,0,0,0,Banded,0,0.0746144014219191,False
245,Waffled7,Waffled,0,0,0,Zigzagged,286,0.07773829231569318,False
246,Waffled7,Waffled,0,182,0,Waffled,247,0.0005276140737670977,True
246,Waffled7,Waffled,0,182,0,Stratified,203,0.02982908725649948,False
246,Waffled7,Waffled,0,182,0,Banded,0,0.03127691047897636,False
246,Waffled7,Waffled,0,182,0,Waffled,244,0.03367392954740087,True
246,Waffled7,Waffled,0,182,0,Banded,3,0.035506495760984816,False
247,Waffled7,Waffled,0,22,0,Banded,5,0.01033456846600734,False
247,Waffled7,Waffled,0,22,0,Banded,8,0.010781764670259954,False
247,Waffled7,Waffled,0,22,0,Stratified,200,0.01220413589339469,False
247,Waffled7,Waffled,0,22,0,Banded,1,0.014423569210660325,False
247,Waffled7,Waffled,0,22,0,Stratified,205,0.016938199116812346,False
248,Waffled7,Waffled,0,42,0,Banded,9,0.011244150780730912,False
248,Waffled7,Waffled,0,42,0,Stratified,201,0.012195555818259367,False
248,Waffled7,Waffled,0,42,0,Chequered,20,0.014814423685681654,False
248,Waffled7,Waffled,0,42,0,Cracked,30,0.01487695195431752,False
248,Waffled7,Waffled,0,42,0,Banded,11,0.015212300304423719,False
249,Waffled7,Waffled,0,92,0,Waffled,245,0.0005276140737670977,True
249,Waffled7,Waffled,0,92,0,Stratified,203,0.02695354489914524,False
249,Waffled7,Waffled,0,92,0,Banded,0,0.028797023958230333,False
249,Waffled7,Waffled,0,92,0,Banded,3,0.03232223605869197,False
249,Waffled7,Waffled,0,92,0,Stratified,204,0.03434078714346519,False
250,Woven21,Woven,0,0,0,Woven,252,0.009154327945261453,True
250,Woven21,Woven,0,0,0,Woven,249,0.009283935758931388,True
250,Woven21,Woven,0,0,0,Striped,213,0.03488780596867177,False
250,Woven21,Woven,0,0,0,Meshed,166,0.03646049611213365,False
250,Woven21,Woven,0,0,0,Swirly,238,0.036709147663751565,False
251,Woven21,Woven,0,182,0,Woven,252,0.0001299479610997909,True
251,Woven21,Woven,0,182,0,Woven,249,0.009283935758931388,True
251,Woven21,Woven,0,182,0,Woven,253,0.026427348642784433,True
251,Woven21,Woven,0,182,0,Striped,213,0.028330445845527297,False
251,Woven21,Woven,0,182,0,Honeycombed,98,0.03184997664197953,False
252,Woven21,Woven,0,22,0,Banded,8,0.009251300339459905,False
252,Woven21,Woven,0,22,0,Stratified,200,0.014166554905861882,False
252,Woven21,Woven,0,22,0,Banded,1,0.014891291309609827,False
252,Woven21,Woven,0,22,0,Meshed,164,0.02117679368901404,False
252,Woven21,Woven,0,22,0,Meshed,167,0.02142764086242558,False
253,Woven21,Woven,0,42,0,Banded,9,0.02460384285915778,False
253,Woven21,Woven,0,42,0,Waffled,247,0.026802359542245333,False
253,Woven21,Woven,0,42,0,Stratified,201,0.02815078747637931,False
253,Woven21,Woven,0,42,0,Cracked,37,0.02959889892158359,False
253,Woven21,Woven,0,42,0,Banded,2,0.029796438589843176,False
254,Woven21,Woven,0,92,0,Woven,250,0.0001299479610997909,True
254,Woven21,Woven,0,92,0,Woven,249,0.009154327945261453,True
254,Woven21,Woven,0,92,0,Woven,253,0.026147718030714938,True
254,Woven21,Woven,0,92,0,Striped,213,0.028340908141643167,False
254,Woven21,Woven,0,92,0,Honeycombed,98,0.031850235702435586,False
255,Woven28,Woven,0,0,0,Woven,257,0.002756875802785292,True
255,Woven28,Woven,0,0,0,Woven,254,0.0036818452945978296,True
255,Woven28,Woven,0,0,0,Meshed,158,0.008975184943242015,False
255,Woven28,Woven,0,0,0,Meshed,159,0.012201879883757719,False
255,Woven28,Woven,0,0,0,Meshed,162,0.012803361119177386,False
256,Woven28,Woven,0,182,0,Woven,257,0.00037350407277850255,True
256,Woven28,Woven,0,182,0,Woven,254,0.0036818452945978296,True
256,Woven28,Woven,0,182,0,Meshed,159,0.007620760631482967,False
256,Woven28,Woven,0,182,0,Meshed,162,0.008087357055457711,False
256,Woven28,Woven,0,182,0,Meshed,158,0.011282635648045974,False
257,Woven28,Woven,0,22,0,Meshed,160,0.007104481963294955,False
257,Woven28,Woven,0,22,0,Woven,257,0.020960704522638797,True
257,Woven28,Woven,0,22,0,Woven,255,0.02125027102724041,True
257,Woven28,Woven,0,22,0,Honeycombed,99,0.021669780782256797,False
257,Woven28,Woven,0,22,0,Honeycombed,102,0.02175635800382691,False
258,Woven28,Woven,0,42,0,Knitted,115,0.009124943659728374,False
258,Woven28,Woven,0,42,0,Knitted,113,0.009626134742959319,False
258,Woven28,Woven,0,42,0,Knitted,114,0.009750230903835788,False
258,Woven28,Woven,0,42,0,Meshed,161,0.009864976756357367,False
258,Woven28,Woven,0,42,0,Knitted,117,0.010053666732729062,False
259,Woven28,Woven,0,92,0,Woven,255,0.00037350407277850255,True
259,Woven28,Woven,0,92,0,Woven,254,0.002756875802785292,True
259,Woven28,Woven,0,92,0,Meshed,159,0.007494385753105593,False
259,Woven28,Woven,0,92,0,Meshed,162,0.00792015003526896,False
259,Woven28,Woven,0,92,0,Meshed,158,0.010282866221699405,False
260,Woven3,Woven,0,0,0,Knitted,120,0.002809568860895681,False
260,Woven3,Woven,0,0,0,Knitted,122,0.002889527273207271,False
260,Woven3,Woven,0,0,0,Knitted,119,0.0030415840998465906,False
260,Woven3,Woven,0,0,0,Porous,178,0.003047387399122293,False
260,Woven3,Woven,0,0,0,Knitted,121,0.0035820900792575714,False
261,Woven3,Woven,0,182,0,Woven,262,0.00018244408732340413,True
261,Woven3,Woven,0,182,0,Woven,263,0.0025904818176286683,True
261,Woven3,Woven,0,182,0,Porous,177,0.0035383672285185437,False
261,Woven3,Woven,0,182,0,Porous,179,0.0037490245239800166,False
261,Woven3,Woven,0,182,0,Porous,182,0.004213959426913613,False
262,Woven3,Woven,0,22,0,Porous,177,0.003922431911683936,False
262,Woven3,Woven,0,22,0,Woven,261,0.004412952335844123,True
262,Woven3,Woven,0,22,0,Porous,174,0.004455747276483123,False
262,Woven3,Woven,0,22,0,Porous,180,0.004479589596210342,False
262,Woven3,Woven,0,22,0,Porous,179,0.004504095721678987,False
263,Woven3,Woven,0,42,0,Porous,181,0.003158356898981107,False
263,Woven3,Woven,0,42,0,Woven,266,0.003676607869116255,True
263,Woven3,Woven,0,42,0,Porous,170,0.0036794106794839332,False
263,Woven3,Woven,0,42,0,Porous,169,0.0037942676632849266,False
263,Woven3,Woven,0,42,0,Porous,180,0.0038437260515927917,False
264,Woven3,Woven,0,92,0,Woven,260,0.00018244408732340413,True
264,Woven3,Woven,0,92,0,Woven,263,0.0025849097978283774,True
264,Woven3,Woven,0,92,0,Porous,177,0.004279313507291004,False
264,Woven3,Woven,0,92,0,Porous,179,0.004289445543406126,False
264,Woven3,Woven,0,92,0,Woven,267,0.004395000049764282,True
265,Woven5,Woven,0,0,0,Woven,267,0.002543014889474701,True
265,Woven5,Woven,0,0,0,Woven,263,0.0025849097978283774,True
265,Woven5,Woven,0,0,0,Woven,260,0.0025904818176286683,True
265,Woven5,Woven,0,0,0,Woven,264,0.0034003479612320373,True
265,Woven5,Woven,0,0,0,Porous,179,0.004621253777137061,False
266,Woven5,Woven,0,182,0,Woven,267,0.0003977421925682574,True
266,Woven5,Woven,0,182,0,Woven,264,0.0034003479612320373,True
266,Woven5,Woven,0,182,0,Woven,263,0.005759840726259975,True
266,Woven5,Woven,0,182,0,Woven,260,0.006312702062141621,True
266,Woven5,Woven,0,182,0,Porous,179,0.009857462567191302,False
267,Woven5,Woven,0,22,0,Woven,261,0.004762416013224915,True
267,Woven5,Woven,0,22,0,Porous,182,0.0050842173714506275,False
267,Woven5,Woven,0,22,0,Porous,179,0.005578584745261086,False
267,Woven5,Woven,0,22,0,Porous,180,0.00643248901706822,False
267,Woven5,Woven,0,22,0,Flecked,62,0.006615389342104707,False
268,Woven5,Woven,0,42,0,Woven,262,0.003676607869116255,True
268,Woven5,Woven,0,42,0,Porous,181,0.004394183160724953,False
268,Woven5,Woven,0,42,0,Porous,180,0.005100445553561229,False
268,Woven5,Woven,0,42,0,Porous,172,0.005295006795239512,False
268,Woven5,Woven,0,42,0,Flecked,61,0.005501822549748417,False
269,Woven5,Woven,0,92,0,Woven,265,0.0003977421925682574,True
269,Woven5,Woven,0,92,0,Woven,264,0.002543014889474701,True
269,Woven5,Woven,0,92,0,Woven,263,0.004395000049764282,True
269,Woven5,Woven,0,92,0,Woven,260,0.004915176321831526,True
269,Woven5,Woven,0,92,0,Porous,179,0.007934738662499313,False
270,Wrinkled34,Wrinkled,0,0,0,Bubbly,14,0.0012882266208236416,False
270,Wrinkled34,Wrinkled,0,0,0,Bubbly,13,0.0015262031031289688,False
270,Wrinkled34,Wrinkled,0,0,0,Porous,168,0.0016134715799110807,False
270,Wrinkled34,Wrinkled,0,0,0,Matted,144,0.0018827568414993064,False
270,Wrinkled34,Wrinkled,0,0,0,Cracked,28,0.001987776961137439,False
271,Wrinkled34,Wrinkled,0,182,0,Wrinkled,272,0.00022669747752407493,True
271,Wrinkled34,Wrinkled,0,182,0,Wrinkled,270,0.0006148662976089355,True
271,Wrinkled34,Wrinkled,0,182,0,Wrinkled,271,0.0009154496921931008,True
271,Wrinkled34,Wrinkled,0,182,0,Cracked,34,0.0011705372927466055,False
271,Wrinkled34,Wrinkled,0,182,0,Cracked,33,0.001549457947462475,False
272,Wrinkled34,Wrinkled,0,22,0,Wrinkled,272,0.0003739701019963248,True
272,Wrinkled34,Wrinkled,0,22,0,Wrinkled,271,0.0003761011947780109,True
272,Wrinkled34,Wrinkled,0,22,0,Wrinkled,270,0.0006148662976089355,True
272,Wrinkled34,Wrinkled,0,22,0,Cracked,34,0.00179247183284808,False
272,Wrinkled34,Wrinkled,0,22,0,Cracked,33,0.0020838000254151524,False
273,Wrinkled34,Wrinkled,0,42,0,Wrinkled,271,0.0003761011947780109,True
273,Wrinkled34,Wrinkled,0,42,0,Wrinkled,272,0.0005933508378376316,True
273,Wrinkled34,Wrinkled,0,42,0,Wrinkled,270,0.0009154496921931008,True
273,Wrinkled34,Wrinkled,0,42,0,Cracked,34,0.0023806790176973606,False
273,Wrinkled34,Wrinkled,0,42,0,Cracked,33,0.002558011554977988,False
274,Wrinkled34,Wrinkled,0,92,0,Wrinkled,270,0.00022669747752407493,True
274,Wrinkled34,Wrinkled,0,92,0,Wrinkled,271,0.0003739701019963248,True
274,Wrinkled34,Wrinkled,0,92,0,Wrinkled,272,0.0005933508378376316,True
274,Wrinkled34,Wrinkled,0,92,0,Cracked,34,0.0012131181432650275,False
274,Wrinkled34,Wrinkled,0,92,0,Cracked,33,0.0014836185153011528,False
275,Wrinkled35,Wrinkled,0,0,0,Wrinkled,277,0.00036472495631546933,True
275,Wrinkled35,Wrinkled,0,0,0,Wrinkled,274,0.0006445551518692806,True
275,Wrinkled35,Wrinkled,0,0,0,Wrinkled,275,0.001062227226060662,True
275,Wrinkled35,Wrinkled,0,0,0,Wrinkled,276,0.0012651272934996037,True
275,Wrinkled35,Wrinkled,0,0,0,Wrinkled,282,0.0013585892541027407,True
276,Wrinkled35,Wrinkled,0,182,0,Wrinkled,277,0.00017394023715632526,True
276,Wrinkled35,Wrinkled,0,182,0,Wrinkled,275,0.0004764881117366583,True
276,Wrinkled35,Wrinkled,0,182,0,Wrinkled,276,0.0006278657925871173,True
276,Wrinkled35,Wrinkled,0,182,0,Wrinkled,274,0.0006445551518692806,True
276,Wrinkled35,Wrinkled,0,182,0,Wrinkled,282,0.0027234690828106278,True
277,Wrinkled35,Wrinkled,0,22,0,Wrinkled,276,0.0003786097631609226,True
277,Wrinkled35,Wrinkled,0,22,0,Wrinkled,275,0.0004764881117366583,True
277,Wrinkled35,Wrinkled,0,22,0,Wrinkled,277,0.0005598519251131594,True
277,Wrinkled35,Wrinkled,0,22,0,Wrinkled,274,0.001062227226060662,True
277,Wrinkled35,Wrinkled,0,22,0,Scaly,196,0.0030604741007805632,False
278,Wrinkled35,Wrinkled,0,42,0,Wrinkled,276,0.0003786097631609226,True
278,Wrinkled35,Wrinkled,0,42,0,Wrinkled,275,0.0006278657925871173,True
278,Wrinkled35,Wrinkled,0,42,0,Wrinkled,277,0.0006511705106036744,True
278,Wrinkled35,Wrinkled,0,42,0,Wrinkled,274,0.0012651272934996037,True
278,Wrinkled35,Wrinkled,0,42,0,Scaly,196,0.003093216420057571,False
279,Wrinkled35,Wrinkled,0,92,0,Wrinkled,275,0.00017394023715632526,True
279,Wrinkled35,Wrinkled,0,92,0,Wrinkled,274,0.00036472495631546933,True
279,Wrinkled35,Wrinkled,0,92,0,Wrinkled,276,0.0005598519251131594,True
279,Wrinkled35,Wrinkled,0,92,0,Wrinkled,277,0.0006511705106036744,True
279,Wrinkled35,Wrinkled,0,92,0,Wrinkled,282,0.00243957316950568,True
280,Wrinkled37,Wrinkled,0,0,0,Wrinkled,279,0.0015875636080862833,True
280,Wrinkled37,Wrinkled,0,0,0,Wrinkled,280,0.001782120469952589,True
280,Wrinkled37,Wrinkled,0,0,0,Wrinkled,281,0.0019036612707099842,True
280,Wrinkled37,Wrinkled,0,0,0,Wrinkled,282,0.002123827855480063,True
280,Wrinkled37,Wrinkled,0,0,0,Honeycombed,103,0.002154135801386404,False
281,Wrinkled37,Wrinkled,0,182,0,Wrinkled,282,0.0002728175882937592,True
281,Wrinkled37,Wrinkled,0,182,0,Wrinkled,280,0.00040346636715553655,True
281,Wrinkled37,Wrinkled,0,182,0,Wrinkled,281,0.000499980119469782,True
281,Wrinkled37,Wrinkled,0,182,0,Wrinkled,279,0.0015875636080862833,True
281,Wrinkled37,Wrinkled,0,182,0,Wrinkled,274,0.0017421504704128868,True
282,Wrinkled37,Wrinkled,0,22,0,Wrinkled,281,0.00038590896265854914,True
282,Wrinkled37,Wrinkled,0,22,0,Wrinkled,282,0.0003906350281190546,True
282,Wrinkled37,Wrinkled,0,22,0,Wrinkled,280,0.00040346636715553655,True
282,Wrinkled37,Wrinkled,0,22,0,Wrinkled,274,0.0016974295155464997,True
282,Wrinkled37,Wrinkled,0,22,0,Wrinkled,279,0.001782120469952589,True
283,Wrinkled37,Wrinkled,0,42,0,Wrinkled,281,0.00038590896265854914,True
283,Wrinkled37,Wrinkled,0,42,0,Wrinkled,280,0.000499980119469782,True
283,Wrinkled37,Wrinkled,0,42,0,Wrinkled,282,0.0007050386559810196,True
283,Wrinkled37,Wrinkled,0,42,0,Wrinkled,279,0.0019036612707099842,True
283,Wrinkled37,Wrinkled,0,42,0,Wrinkled,274,0.002049524425117854,True
284,Wrinkled37,Wrinkled,0,92,0,Wrinkled,280,0.0002728175882937592,True
284,Wrinkled37,Wrinkled,0,92,0,Wrinkled,281,0.0003906350281190546,True
284,Wrinkled37,Wrinkled,0,92,0,Wrinkled,282,0.0007050386559810196,True
284,Wrinkled37,Wrinkled,0,92,0,Wrinkled,274,0.0013585892541027407,True
284,Wrinkled37,Wrinkled,0,92,0,Wrinkled,279,0.002123827855480063,True
285,Zigzagged13,Zigzagged,0,0,0,Zigzagged,287,0.002523082454455316,True
285,Zigzagged13,Zigzagged,0,0,0,Zigzagged,284,0.00307874080118908,True
285,Zigzagged13,Zigzagged,0,0,0,Zigzagged,285,0.008135324962074933,True
285,Zigzagged13,Zigzagged,0,0,0,Zigzagged,293,0.013238626287791544,True
285,Zigzagged13,Zigzagged,0,0,0,Zigzagged,286,0.013912736733298101,True
286,Zigzagged13,Zigzagged,0,182,0,Zigzagged,287,0.00022726654683881108,True
286,Zigzagged13,Zigzagged,0,182,0,Zigzagged,284,0.00307874080118908,True
286,Zigzagged13,Zigzagged,0,182,0,Zigzagged,285,0.0050036849378641834,True
286,Zigzagged13,Zigzagged,0,182,0,Zigzagged,286,0.00671916020080183,True
286,Zigzagged13,Zigzagged,0,182,0,Zigzagged,294,0.009645339424848211,True
287,Zigzagged13,Zigzagged,0,22,0,Zigzagged,285,0.0050036849378641834,True
287,Zigzagged13,Zigzagged,0,22,0,Zigzagged,287,0.005075722921663904,True
287,Zigzagged13,Zigzagged,0,22,0,Zigzagged,286,0.0066403503623485745,True
287,Zigzagged13,Zigzagged,0,22,0,Zigzagged,297,0.007121043584850383,True
287,Zigzagged13,Zigzagged,0,22,0,Zigzagged,294,0.007288207134822168,True
288,Zigzagged13,Zigzagged,0,42,0,Zigzagged,286,0.0066403503623485745,True
288,Zigzagged13,Zigzagged,0,42,0,Zigzagged,285,0.00671916020080183,True
288,Zigzagged13,Zigzagged,0,42,0,Zigzagged,287,0.007669734767789955,True
288,Zigzagged13,Zigzagged,0,42,0,Zigzagged,294,0.01363536910323898,True
288,Zigzagged13,Zigzagged,0,42,0,Zigzagged,284,0.013912736733298101,True
289,Zigzagged13,Zigzagged,0,92,0,Zigzagged,285,0.00022726654683881108,True
289,Zigzagged13,Zigzagged,0,92,0,Zigzagged,284,0.002523082454455316,True
289,Zigzagged13,Zigzagged,0,92,0,Zigzagged,286,0.005075722921663904,True
289,Zigzagged13,Zigzagged,0,92,0,Zigzagged,287,0.007669734767789955,True
289,Zigzagged13,Zigzagged,0,92,0,Zigzagged,294,0.009479640047623845,True
290,Zigzagged18,Zigzagged,0,0,0,Zigzagged,292,0.0011274774950668766,True
290,Zigzagged18,Zigzagged,0,0,0,Zigzagged,289,0.001137691478187627,True
290,Zigzagged18,Zigzagged,0,0,0,Zigzagged,290,0.007608932800641354,True
290,Zigzagged18,Zigzagged,0,0,0,Zigzagged,293,0.007727203934064009,True
290,Zigzagged18,Zigzagged,0,0,0,Zigzagged,297,0.008205321583041972,True
291,Zigzagged18,Zigzagged,0,182,0,Zigzagged,292,0.00023916364284904342,True
291,Zigzagged18,Zigzagged,0,182,0,Zigzagged,289,0.001137691478187627,True
291,Zigzagged18,Zigzagged,0,182,0,Zigzagged,290,0.006484190051189799,True
291,Zigzagged18,Zigzagged,0,182,0,Zigzagged,291,0.006764082870731862,True
291,Zigzagged18,Zigzagged,0,182,0,Zigzagged,297,0.006806685869932803,True
292,Zigzagged18,Zigzagged,0,22,0,Zigzagged,291,0.0029928867424248913,True
292,Zigzagged18,Zigzagged,0,22,0,Zigzagged,292,0.006242876446211464,True
292,Zigzagged18,Zigzagged,0,22,0,Zigzagged,290,0.006484190051189799,True
292,Zigzagged18,Zigzagged,0,22,0,Zigzagged,289,0.007608932800641354,True
292,Zigzagged18,Zigzagged,0,22,0,Zigzagged,295,0.008292389887842012,True
293,Zigzagged18,Zigzagged,0,42,0,Zigzagged,291,0.0029928867424248913,True
293,Zigzagged18,Zigzagged,0,42,0,Zigzagged,292,0.0061474555437856515,True
293,Zigzagged18,Zigzagged,0,42,0,Zigzagged,290,0.006764082870731862,True
293,Zigzagged18,Zigzagged,0,42,0,Zigzagged,289,0.008871848028401574,True
293,Zigzagged18,Zigzagged,0,42,0,Zigzagged,295,0.010229676589468602,True
294,Zigzagged18,Zigzagged,0,92,0,Zigzagged,290,0.00023916364284904342,True
294,Zigzagged18,Zigzagged,0,92,0,Zigzagged,289,0.0011274774950668766,True
294,Zigzagged18,Zigzagged,0,92,0,Zigzagged,292,0.0061474555437856515,True
294,Zigzagged18,Zigzagged,0,92,0,Zigzagged,291,0.006242876446211464,True
294,Zigzagged18,Zigzagged,0,92,0,Zigzagged,297,0.006827019369841966,True
295,Zigzagged19,Zigzagged,0,0,0,Zigzagged,297,0.0006938642894245235,True
295,Zigzagged19,Zigzagged,0,0,0,Zigzagged,294,0.0008477096630710996,True
295,Zigzagged19,Zigzagged,0,0,0,Zigzagged,296,0.0064618790339873505,True
295,Zigzagged19,Zigzagged,0,0,0,Zigzagged,295,0.007404741147727505,True
295,Zigzagged19,Zigzagged,0,0,0,Zigzagged,290,0.007459370174514777,True
296,Zigzagged19,Zigzagged,0,182,0,Zigzagged,297,0.00031367316078187457,True
296,Zigzagged19,Zigzagged,0,182,0,Zigzagged,294,0.0008477096630710996,True
296,Zigzagged19,Zigzagged,0,182,0,Zigzagged,296,0.005152324336801017,True
296,Zigzagged19,Zigzagged,0,182,0,Zigzagged,286,0.007288207134822168,True
296,Zigzagged19,Zigzagged,0,182,0,Zigzagged,290,0.007315613226711188,True
297,Zigzagged19,Zigzagged,0,22,0,Zigzagged,296,0.002831437442532158,True
297,Zigzagged19,Zigzagged,0,22,0,Zigzagged,297,0.006590887305594869,True
297,Zigzagged19,Zigzagged,0,22,0,Zigzagged,294,0.007404741147727505,True
297,Zigzagged19,Zigzagged,0,22,0,Zigzagged,295,0.0079211607473881,True
297,Zigzagged19,Zigzagged,0,22,0,Zigzagged,291,0.008292389887842012,True
298,Zigzagged19,Zigzagged,0,42,0,Zigzagged,296,0.002831437442532158,True
298,Zigzagged19,Zigzagged,0,42,0,Zigzagged,297,0.004546052951010013,True
298,Zigzagged19,Zigzagged,0,42,0,Zigzagged,295,0.005152324336801017,True
298,Zigzagged19,Zigzagged,0,42,0,Zigzagged,294,0.0064618790339873505,True
298,Zigzagged19,Zigzagged,0,42,0,Zigzagged,290,0.007552179775138402,True
299,Zigzagged19,Zigzagged,0,92,0,Zigzagged,295,0.00031367316078187457,True
299,Zigzagged19,Zigzagged,0,92,0,Zigzagged,294,0.0006938642894245235,True
299,Zigzagged19,Zigzagged,0,92,0,Zigzagged,297,0.004546052951010013,True
299,Zigzagged19,Zigzagged,0,92,0,Zigzagged,296,0.006590887305594869,True
299,Zigzagged19,Zigzagged,0,92,0,Zigzagged,290,0.006806685869932803,True
